"17년차 분석 연구 - 로또플레이 골드회원 가입 로그인회원가입 마이로또 운세 서비스 로또 1등조합 4 0 1 회 배출! 가입문의 1668-1645 골드회원 로또 1등후기 로또 분석토론 로또 통계자료 고객센터 공지사항 로또 1201회 14억 1등조합 배출 - 아이디: yoon1234*** 로그인 회원가입 $('.navi_wrap .navi_box').mouseover(function(e) { e.preventDefault(); var ob = $('.navi_wrap .layer_box'); $(ob).css('display', 'block'); $(this).parent().parent().hover(function() { }, function(){ $(ob).css('display', 'none'); }); }); $('.navi_wrap .layer_box .f_box').mouseover(function() { var this_index = $(this).index(); var ob = $('.navi_wrap .navi_box li:eq('+this_index+')'); $(ob).find('a').addClass('act'); $(this).hover(function() { }, function(){ $(ob).find('a').removeClass('act'); }); }); function characterCheck(obj) { var regExp = /[ \{\}\[\]\/?.,;:|\)占쏙옙*~`!^\-_+┼<>@\#$%&\'\""\\\(\=]/gi; // 특수문자 체크 if (regExp.test(obj.value)) { alert(""특수문자는 입력하실 수 없습니다.""); // 특수문자만 제거 obj.value = obj.value.replace(/[ \{\}\[\]\/?.,;:|\)占쏙옙*~`!^\-_+┼<>@\#$%&\'\""\\\(\=]/gi,''); } }",17년차 분석 연구 - 로또플레이 골드회원 가입 로그인회원가입 마이로또 운세 서비스,17년차 분석 연구 - 로또플레이 골드회원 가입,로그인회원가입 마이로또 운세 서비스,,로또 1등조합 4 0 1 회 배출!,,가입문의 1668-1645,,"골드회원 로또 1등후기 로또 분석토론 로또 통계자료 고객센터 공지사항 로또 1201회 14억 1등조합 배출 - 아이디: yoon1234*** 로그인 회원가입 $('.navi_wrap .navi_box').mouseover(function(e) { e.preventDefault(); var ob = $('.navi_wrap .layer_box'); $(ob).css('display', 'block'); $(this).parent().parent().hover(function() { }, function(){ $(ob).css('display', 'none'); }); }); $('.navi_wrap .layer_box .f_box').mouseover(function() { var this_index = $(this).index(); var ob = $('.navi_wrap .navi_box li:eq('+this_index+')'); $(ob).find('a').addClass('act'); $(this).hover(function() { }, function(){ $(ob).find('a').removeClass('act'); }); }); function characterCheck(obj) { var regExp = /[ \{\}\[\]\/?.,;:|\)占쏙옙*~`!^\-_+┼<>@\#$%&\'\""\\\(\=]/gi; // 특수문자 체크 if (regExp.test(obj.value)) { alert(""특수문자는 입력하실 수 없습니다.""); // 특수문자만 제거 obj.value = obj.value.replace(/[ \{\}\[\]\/?.,;:|\)占쏙옙*~`!^\-_+┼<>@\#$%&\'\""\\\(\=]/gi,''); } }",공지사항,로또 1201회 14억 1등조합 배출 - 아이디: yoon1234***,
17년차 분석 연구 - 로또플레이 골드회원 가입 로그인회원가입 마이로또 운세 서비스,17년차 분석 연구 - 로또플레이 골드회원 가입,로그인회원가입 마이로또 운세 서비스
17년차 분석 연구 - 로또플레이 골드회원 가입,로그인회원가입 마이로또 운세 서비스

로또 1등조합 4 0 1 회 배출!,,가입문의 1668-1645

"골드회원 로또 1등후기 로또 분석토론 로또 통계자료 고객센터 공지사항 로또 1201회 14억 1등조합 배출 - 아이디: yoon1234*** 로그인 회원가입 $('.navi_wrap .navi_box').mouseover(function(e) { e.preventDefault(); var ob = $('.navi_wrap .layer_box'); $(ob).css('display', 'block'); $(this).parent().parent().hover(function() { }, function(){ $(ob).css('display', 'none'); }); }); $('.navi_wrap .layer_box .f_box').mouseover(function() { var this_index = $(this).index(); var ob = $('.navi_wrap .navi_box li:eq('+this_index+')'); $(ob).find('a').addClass('act'); $(this).hover(function() { }, function(){ $(ob).find('a').removeClass('act'); }); }); function characterCheck(obj) { var regExp = /[ \{\}\[\]\/?.,;:|\)占쏙옙*~`!^\-_+┼<>@\#$%&\'\""\\\(\=]/gi; // 특수문자 체크 if (regExp.test(obj.value)) { alert(""특수문자는 입력하실 수 없습니다.""); // 특수문자만 제거 obj.value = obj.value.replace(/[ \{\}\[\]\/?.,;:|\)占쏙옙*~`!^\-_+┼<>@\#$%&\'\""\\\(\=]/gi,''); } }",공지사항,로또 1201회 14억 1등조합 배출 - 아이디: yoon1234***
공지사항,로또 1201회 14억 1등조합 배출 - 아이디: yoon1234***

"로또 통계자료 로또 통계자료 초급 통계자료 중급 통계자료 고급 통계자료 로또 기본상식 로또 소개 로또 용어정리 확률 및 조합 로또 구입요령 로또 History 로또플레이 배출내역 로또 1등 총 401 회 배출 1등당첨 총액 : 950,658,848,753원 로또 2등 총 2,137 회 배출 2등당첨 총액 : 120,920,239,690원 3등 총 78,468 회 배출 3등당첨 총액 : 113,417,252,743원 명예의전당 1등 후기 $(window).load(function() { var left_jCarouselLite_timer = setTimeout(function () { $(""#left-jCarouselLite"").jCarouselLite({ scroll: 1, auto: 2000, speed:600, visible: 1, autoWidth: false, btnNext: ""#left-jCarouselLite_btn_next"", btnPrev: ""#left-jCarouselLite_btn_prev"" }); }, 1000); $('#left-jCarouselLite_btn_pause').click(function () { }); }); 무통장 입금 국민은행 768701-01-308653 신한은행 100-026-058873 농 협 302-0496-917791 예금주 : 로또플레이 (오정식) 국민은행 신한은행 농협 계좌문자 받기 안 내 본 서비스는 로그인이 필요한 서비스이므로,로그인 후 이용해주시기 바랍니다. 고객센터 1666 - 6645 평일: 오전 9시 - 오후 6시 (점심 시간:12시-13시) 주말 및 공휴일 고객센터 휴무 1:1 상담문의 서비스 안내 function characterCheck(obj){ // 허용하고 싶은 특수문자가 있다면 여기서 삭제하면 됨 var regExp = /[ \{\}\[\]\/?.,;:|\)*~`!^\-_+┼<>@\#$%&\'\""\\\(\=]/gi; if( regExp.test(obj.value) ){ alert(""특수문자는 입력하실수 없습니다.""); obj.value = obj.value.substring( 0 , obj.value.length - 1 ); // 입력한 특수문자 한자리 지움 } } 이번주 핫수 및 콜드수 1204회 당첨번호 08 16 28 30 31 44 27 이웃수 출현현황연번 출현현황핫수 및 콜드수 현황이번주 핫수 및 콜드수9궁도 자료당첨번호 중복현황당첨번호 간격소수 현황스타트번호 현황라스트번호 현황3배수 현황5배수 현황 주기별 검색 5 주기 10 주기 15 주기 20 주기 검색 .table tr td { text-align: left; height: 70px; padding: 20px 0; padding-left: 10px } .table tr td.times { text-align: center; padding-left: 0 } 구분 번호리스트 핫수(뜨거운번호) 콜드수(차가운번호)","로또 통계자료 로또 통계자료 초급 통계자료 중급 통계자료 고급 통계자료 로또 기본상식 로또 소개 로또 용어정리 확률 및 조합 로또 구입요령 로또 History 로또플레이 배출내역 로또 1등 총 401 회 배출 1등당첨 총액 : 950,658,848,753원 로또 2등 총 2,137 회 배출 2등당첨 총액 : 120,920,239,690원 3등 총 78,468 회 배출 3등당첨 총액 : 113,417,252,743원 명예의전당 1등 후기 $(window).load(function() { var left_jCarouselLite_timer = setTimeout(function () { $(""#left-jCarouselLite"").jCarouselLite({ scroll: 1, auto: 2000, speed:600, visible: 1, autoWidth: false, btnNext: ""#left-jCarouselLite_btn_next"", btnPrev: ""#left-jCarouselLite_btn_prev"" }); }, 1000); $('#left-jCarouselLite_btn_pause').click(function () { }); }); 무통장 입금 국민은행 768701-01-308653 신한은행 100-026-058873 농 협 302-0496-917791 예금주 : 로또플레이 (오정식) 국민은행 신한은행 농협 계좌문자 받기 안 내 본 서비스는 로그인이 필요한 서비스이므로,로그인 후 이용해주시기 바랍니다. 고객센터 1666 - 6645 평일: 오전 9시 - 오후 6시 (점심 시간:12시-13시) 주말 및 공휴일 고객센터 휴무 1:1 상담문의 서비스 안내 function characterCheck(obj){ // 허용하고 싶은 특수문자가 있다면 여기서 삭제하면 됨 var regExp = /[ \{\}\[\]\/?.,;:|\)*~`!^\-_+┼<>@\#$%&\'\""\\\(\=]/gi; if( regExp.test(obj.value) ){ alert(""특수문자는 입력하실수 없습니다.""); obj.value = obj.value.substring( 0 , obj.value.length - 1 ); // 입력한 특수문자 한자리 지움 } }","로또 통계자료 로또 통계자료 초급 통계자료 중급 통계자료 고급 통계자료 로또 기본상식 로또 소개 로또 용어정리 확률 및 조합 로또 구입요령 로또 History 로또플레이 배출내역 로또 1등 총 401 회 배출 1등당첨 총액 : 950,658,848,753원 로또 2등 총 2,137 회 배출 2등당첨 총액 : 120,920,239,690원 3등 총 78,468 회 배출 3등당첨 총액 : 113,417,252,743원 명예의전당 1등 후기 $(window).load(function() { var left_jCarouselLite_timer = setTimeout(function () { $(""#left-jCarouselLite"").jCarouselLite({ scroll: 1, auto: 2000, speed:600, visible: 1, autoWidth: false, btnNext: ""#left-jCarouselLite_btn_next"", btnPrev: ""#left-jCarouselLite_btn_prev"" }); }, 1000); $('#left-jCarouselLite_btn_pause').click(function () { }); }); 무통장 입금 국민은행 768701-01-308653 신한은행 100-026-058873 농 협 302-0496-917791 예금주 : 로또플레이 (오정식) 국민은행 신한은행 농협 계좌문자 받기 안 내 본 서비스는 로그인이 필요한 서비스이므로,로그인 후 이용해주시기 바랍니다. 고객센터 1666 - 6645 평일: 오전 9시 - 오후 6시 (점심 시간:12시-13시) 주말 및 공휴일 고객센터 휴무 1:1 상담문의 서비스 안내",,이번주 핫수 및 콜드수 1204회 당첨번호 08 16 28 30 31 44 27 이웃수 출현현황연번 출현현황핫수 및 콜드수 현황이번주 핫수 및 콜드수9궁도 자료당첨번호 중복현황당첨번호 간격소수 현황스타트번호 현황라스트번호 현황3배수 현황5배수 현황 주기별 검색 5 주기 10 주기 15 주기 20 주기 검색 .table tr td { text-align: left; height: 70px; padding: 20px 0; padding-left: 10px } .table tr td.times { text-align: center; padding-left: 0 } 구분 번호리스트 핫수(뜨거운번호) 콜드수(차가운번호),,이번주 핫수 및 콜드수 1204회 당첨번호 08 16 28 30 31 44 27 이웃수 출현현황연번 출현현황핫수 및 콜드수 현황이번주 핫수 및 콜드수9궁도 자료당첨번호 중복현황당첨번호 간격소수 현황스타트번호 현황라스트번호 현황3배수 현황5배수 현황 주기별 검색 5 주기 10 주기 15 주기 20 주기 검색 .table tr td { text-align: left; height: 70px; padding: 20px 0; padding-left: 10px } .table tr td.times { text-align: center; padding-left: 0 } 구분 번호리스트 핫수(뜨거운번호) 콜드수(차가운번호),이번주 핫수 및 콜드수 1204회 당첨번호 08 16 28 30 31 44 27 이웃수 출현현황연번 출현현황핫수 및 콜드수 현황이번주 핫수 및 콜드수9궁도 자료당첨번호 중복현황당첨번호 간격소수 현황스타트번호 현황라스트번호 현황3배수 현황5배수 현황 주기별 검색 5 주기 10 주기 15 주기 20 주기 검색 .table tr td { text-align: left; height: 70px; padding: 20px 0; padding-left: 10px } .table tr td.times { text-align: center; padding-left: 0 } 구분 번호리스트 핫수(뜨거운번호) 콜드수(차가운번호),이번주 핫수 및 콜드수,1204회 당첨번호 08 16 28 30 31 44 27,,이웃수 출현현황연번 출현현황핫수 및 콜드수 현황이번주 핫수 및 콜드수9궁도 자료당첨번호 중복현황당첨번호 간격소수 현황스타트번호 현황라스트번호 현황3배수 현황5배수 현황 주기별 검색 5 주기 10 주기 15 주기 20 주기 검색 .table tr td { text-align: left; height: 70px; padding: 20px 0; padding-left: 10px } .table tr td.times { text-align: center; padding-left: 0 } 구분 번호리스트 핫수(뜨거운번호) 콜드수(차가운번호),이웃수 출현현황,연번 출현현황,핫수 및 콜드수 현황,이번주 핫수 및 콜드수,9궁도 자료,당첨번호 중복현황,당첨번호 간격,소수 현황,스타트번호 현황,라스트번호 현황,3배수 현황,5배수 현황,구분,번호리스트,핫수(뜨거운번호),,콜드수(차가운번호),,
"로또 통계자료 로또 통계자료 초급 통계자료 중급 통계자료 고급 통계자료 로또 기본상식 로또 소개 로또 용어정리 확률 및 조합 로또 구입요령 로또 History 로또플레이 배출내역 로또 1등 총 401 회 배출 1등당첨 총액 : 950,658,848,753원 로또 2등 총 2,137 회 배출 2등당첨 총액 : 120,920,239,690원 3등 총 78,468 회 배출 3등당첨 총액 : 113,417,252,743원 명예의전당 1등 후기 $(window).load(function() { var left_jCarouselLite_timer = setTimeout(function () { $(""#left-jCarouselLite"").jCarouselLite({ scroll: 1, auto: 2000, speed:600, visible: 1, autoWidth: false, btnNext: ""#left-jCarouselLite_btn_next"", btnPrev: ""#left-jCarouselLite_btn_prev"" }); }, 1000); $('#left-jCarouselLite_btn_pause').click(function () { }); }); 무통장 입금 국민은행 768701-01-308653 신한은행 100-026-058873 농 협 302-0496-917791 예금주 : 로또플레이 (오정식) 국민은행 신한은행 농협 계좌문자 받기 안 내 본 서비스는 로그인이 필요한 서비스이므로,로그인 후 이용해주시기 바랍니다. 고객센터 1666 - 6645 평일: 오전 9시 - 오후 6시 (점심 시간:12시-13시) 주말 및 공휴일 고객센터 휴무 1:1 상담문의 서비스 안내 function characterCheck(obj){ // 허용하고 싶은 특수문자가 있다면 여기서 삭제하면 됨 var regExp = /[ \{\}\[\]\/?.,;:|\)*~`!^\-_+┼<>@\#$%&\'\""\\\(\=]/gi; if( regExp.test(obj.value) ){ alert(""특수문자는 입력하실수 없습니다.""); obj.value = obj.value.substring( 0 , obj.value.length - 1 ); // 입력한 특수문자 한자리 지움 } }","로또 통계자료 로또 통계자료 초급 통계자료 중급 통계자료 고급 통계자료 로또 기본상식 로또 소개 로또 용어정리 확률 및 조합 로또 구입요령 로또 History 로또플레이 배출내역 로또 1등 총 401 회 배출 1등당첨 총액 : 950,658,848,753원 로또 2등 총 2,137 회 배출 2등당첨 총액 : 120,920,239,690원 3등 총 78,468 회 배출 3등당첨 총액 : 113,417,252,743원 명예의전당 1등 후기 $(window).load(function() { var left_jCarouselLite_timer = setTimeout(function () { $(""#left-jCarouselLite"").jCarouselLite({ scroll: 1, auto: 2000, speed:600, visible: 1, autoWidth: false, btnNext: ""#left-jCarouselLite_btn_next"", btnPrev: ""#left-jCarouselLite_btn_prev"" }); }, 1000); $('#left-jCarouselLite_btn_pause').click(function () { }); }); 무통장 입금 국민은행 768701-01-308653 신한은행 100-026-058873 농 협 302-0496-917791 예금주 : 로또플레이 (오정식) 국민은행 신한은행 농협 계좌문자 받기 안 내 본 서비스는 로그인이 필요한 서비스이므로,로그인 후 이용해주시기 바랍니다. 고객센터 1666 - 6645 평일: 오전 9시 - 오후 6시 (점심 시간:12시-13시) 주말 및 공휴일 고객센터 휴무 1:1 상담문의 서비스 안내",,이번주 핫수 및 콜드수 1204회 당첨번호 08 16 28 30 31 44 27 이웃수 출현현황연번 출현현황핫수 및 콜드수 현황이번주 핫수 및 콜드수9궁도 자료당첨번호 중복현황당첨번호 간격소수 현황스타트번호 현황라스트번호 현황3배수 현황5배수 현황 주기별 검색 5 주기 10 주기 15 주기 20 주기 검색 .table tr td { text-align: left; height: 70px; padding: 20px 0; padding-left: 10px } .table tr td.times { text-align: center; padding-left: 0 } 구분 번호리스트 핫수(뜨거운번호) 콜드수(차가운번호),,이번주 핫수 및 콜드수 1204회 당첨번호 08 16 28 30 31 44 27 이웃수 출현현황연번 출현현황핫수 및 콜드수 현황이번주 핫수 및 콜드수9궁도 자료당첨번호 중복현황당첨번호 간격소수 현황스타트번호 현황라스트번호 현황3배수 현황5배수 현황 주기별 검색 5 주기 10 주기 15 주기 20 주기 검색 .table tr td { text-align: left; height: 70px; padding: 20px 0; padding-left: 10px } .table tr td.times { text-align: center; padding-left: 0 } 구분 번호리스트 핫수(뜨거운번호) 콜드수(차가운번호),이번주 핫수 및 콜드수 1204회 당첨번호 08 16 28 30 31 44 27 이웃수 출현현황연번 출현현황핫수 및 콜드수 현황이번주 핫수 및 콜드수9궁도 자료당첨번호 중복현황당첨번호 간격소수 현황스타트번호 현황라스트번호 현황3배수 현황5배수 현황 주기별 검색 5 주기 10 주기 15 주기 20 주기 검색 .table tr td { text-align: left; height: 70px; padding: 20px 0; padding-left: 10px } .table tr td.times { text-align: center; padding-left: 0 } 구분 번호리스트 핫수(뜨거운번호) 콜드수(차가운번호),이번주 핫수 및 콜드수,1204회 당첨번호 08 16 28 30 31 44 27,,이웃수 출현현황연번 출현현황핫수 및 콜드수 현황이번주 핫수 및 콜드수9궁도 자료당첨번호 중복현황당첨번호 간격소수 현황스타트번호 현황라스트번호 현황3배수 현황5배수 현황 주기별 검색 5 주기 10 주기 15 주기 20 주기 검색 .table tr td { text-align: left; height: 70px; padding: 20px 0; padding-left: 10px } .table tr td.times { text-align: center; padding-left: 0 } 구분 번호리스트 핫수(뜨거운번호) 콜드수(차가운번호),이웃수 출현현황,연번 출현현황,핫수 및 콜드수 현황,이번주 핫수 및 콜드수,9궁도 자료,당첨번호 중복현황,당첨번호 간격,소수 현황,스타트번호 현황,라스트번호 현황,3배수 현황,5배수 현황,구분,번호리스트,핫수(뜨거운번호),,콜드수(차가운번호),,
"로또 통계자료 로또 통계자료 초급 통계자료 중급 통계자료 고급 통계자료 로또 기본상식 로또 소개 로또 용어정리 확률 및 조합 로또 구입요령 로또 History 로또플레이 배출내역 로또 1등 총 401 회 배출 1등당첨 총액 : 950,658,848,753원 로또 2등 총 2,137 회 배출 2등당첨 총액 : 120,920,239,690원 3등 총 78,468 회 배출 3등당첨 총액 : 113,417,252,743원 명예의전당 1등 후기 $(window).load(function() { var left_jCarouselLite_timer = setTimeout(function () { $(""#left-jCarouselLite"").jCarouselLite({ scroll: 1, auto: 2000, speed:600, visible: 1, autoWidth: false, btnNext: ""#left-jCarouselLite_btn_next"", btnPrev: ""#left-jCarouselLite_btn_prev"" }); }, 1000); $('#left-jCarouselLite_btn_pause').click(function () { }); }); 무통장 입금 국민은행 768701-01-308653 신한은행 100-026-058873 농 협 302-0496-917791 예금주 : 로또플레이 (오정식) 국민은행 신한은행 농협 계좌문자 받기 안 내 본 서비스는 로그인이 필요한 서비스이므로,로그인 후 이용해주시기 바랍니다. 고객센터 1666 - 6645 평일: 오전 9시 - 오후 6시 (점심 시간:12시-13시) 주말 및 공휴일 고객센터 휴무 1:1 상담문의 서비스 안내"


이번주 핫수 및 콜드수 1204회 당첨번호 08 16 28 30 31 44 27 이웃수 출현현황연번 출현현황핫수 및 콜드수 현황이번주 핫수 및 콜드수9궁도 자료당첨번호 중복현황당첨번호 간격소수 현황스타트번호 현황라스트번호 현황3배수 현황5배수 현황 주기별 검색 5 주기 10 주기 15 주기 20 주기 검색 .table tr td { text-align: left; height: 70px; padding: 20px 0; padding-left: 10px } .table tr td.times { text-align: center; padding-left: 0 } 구분 번호리스트 핫수(뜨거운번호) 콜드수(차가운번호),이번주 핫수 및 콜드수 1204회 당첨번호 08 16 28 30 31 44 27 이웃수 출현현황연번 출현현황핫수 및 콜드수 현황이번주 핫수 및 콜드수9궁도 자료당첨번호 중복현황당첨번호 간격소수 현황스타트번호 현황라스트번호 현황3배수 현황5배수 현황 주기별 검색 5 주기 10 주기 15 주기 20 주기 검색 .table tr td { text-align: left; height: 70px; padding: 20px 0; padding-left: 10px } .table tr td.times { text-align: center; padding-left: 0 } 구분 번호리스트 핫수(뜨거운번호) 콜드수(차가운번호),이번주 핫수 및 콜드수,1204회 당첨번호 08 16 28 30 31 44 27,,이웃수 출현현황연번 출현현황핫수 및 콜드수 현황이번주 핫수 및 콜드수9궁도 자료당첨번호 중복현황당첨번호 간격소수 현황스타트번호 현황라스트번호 현황3배수 현황5배수 현황 주기별 검색 5 주기 10 주기 15 주기 20 주기 검색 .table tr td { text-align: left; height: 70px; padding: 20px 0; padding-left: 10px } .table tr td.times { text-align: center; padding-left: 0 } 구분 번호리스트 핫수(뜨거운번호) 콜드수(차가운번호),이웃수 출현현황,연번 출현현황,핫수 및 콜드수 현황,이번주 핫수 및 콜드수,9궁도 자료,당첨번호 중복현황,당첨번호 간격,소수 현황,스타트번호 현황,라스트번호 현황,3배수 현황,5배수 현황,구분,번호리스트,핫수(뜨거운번호),,콜드수(차가운번호),,
이번주 핫수 및 콜드수 1204회 당첨번호 08 16 28 30 31 44 27 이웃수 출현현황연번 출현현황핫수 및 콜드수 현황이번주 핫수 및 콜드수9궁도 자료당첨번호 중복현황당첨번호 간격소수 현황스타트번호 현황라스트번호 현황3배수 현황5배수 현황 주기별 검색 5 주기 10 주기 15 주기 20 주기 검색 .table tr td { text-align: left; height: 70px; padding: 20px 0; padding-left: 10px } .table tr td.times { text-align: center; padding-left: 0 } 구분 번호리스트 핫수(뜨거운번호) 콜드수(차가운번호),이번주 핫수 및 콜드수,1204회 당첨번호 08 16 28 30 31 44 27,,이웃수 출현현황연번 출현현황핫수 및 콜드수 현황이번주 핫수 및 콜드수9궁도 자료당첨번호 중복현황당첨번호 간격소수 현황스타트번호 현황라스트번호 현황3배수 현황5배수 현황 주기별 검색 5 주기 10 주기 15 주기 20 주기 검색 .table tr td { text-align: left; height: 70px; padding: 20px 0; padding-left: 10px } .table tr td.times { text-align: center; padding-left: 0 } 구분 번호리스트 핫수(뜨거운번호) 콜드수(차가운번호),이웃수 출현현황,연번 출현현황,핫수 및 콜드수 현황,이번주 핫수 및 콜드수,9궁도 자료,당첨번호 중복현황,당첨번호 간격,소수 현황,스타트번호 현황,라스트번호 현황,3배수 현황,5배수 현황,구분,번호리스트,핫수(뜨거운번호),,콜드수(차가운번호),,
이번주 핫수 및 콜드수,1204회 당첨번호 08 16 28 30 31 44 27

이웃수 출현현황연번 출현현황핫수 및 콜드수 현황이번주 핫수 및 콜드수9궁도 자료당첨번호 중복현황당첨번호 간격소수 현황스타트번호 현황라스트번호 현황3배수 현황5배수 현황 주기별 검색 5 주기 10 주기 15 주기 20 주기 검색 .table tr td { text-align: left; height: 70px; padding: 20px 0; padding-left: 10px } .table tr td.times { text-align: center; padding-left: 0 } 구분 번호리스트 핫수(뜨거운번호) 콜드수(차가운번호),이웃수 출현현황,연번 출현현황,핫수 및 콜드수 현황,이번주 핫수 및 콜드수,9궁도 자료,당첨번호 중복현황,당첨번호 간격,소수 현황,스타트번호 현황,라스트번호 현황,3배수 현황,5배수 현황,구분,번호리스트,핫수(뜨거운번호),,콜드수(차가운번호),
이웃수 출현현황,연번 출현현황,핫수 및 콜드수 현황,이번주 핫수 및 콜드수
9궁도 자료,당첨번호 중복현황,당첨번호 간격,소수 현황
스타트번호 현황,라스트번호 현황,3배수 현황,5배수 현황
구분,번호리스트
핫수(뜨거운번호),
콜드수(차가운번호),



17년차 분석 연구 - 로또플레이 골드회원 가입 로그인회원가입 마이로또 운세 서비스,17년차 분석 연구 - 로또플레이 골드회원 가입,로그인회원가입 마이로또 운세 서비스
17년차 분석 연구 - 로또플레이 골드회원 가입,로그인회원가입 마이로또 운세 서비스

로또 1등조합 4 0 1 회 배출!,,가입문의 1668-1645

"골드회원 로또 1등후기 로또 분석토론 로또 통계자료 고객센터 공지사항 로또 1201회 14억 1등조합 배출 - 아이디: yoon1234*** 로그인 회원가입 $('.navi_wrap .navi_box').mouseover(function(e) { e.preventDefault(); var ob = $('.navi_wrap .layer_box'); $(ob).css('display', 'block'); $(this).parent().parent().hover(function() { }, function(){ $(ob).css('display', 'none'); }); }); $('.navi_wrap .layer_box .f_box').mouseover(function() { var this_index = $(this).index(); var ob = $('.navi_wrap .navi_box li:eq('+this_index+')'); $(ob).find('a').addClass('act'); $(this).hover(function() { }, function(){ $(ob).find('a').removeClass('act'); }); }); function characterCheck(obj) { var regExp = /[ \{\}\[\]\/?.,;:|\)占쏙옙*~`!^\-_+┼<>@\#$%&\'\""\\\(\=]/gi; // 특수문자 체크 if (regExp.test(obj.value)) { alert(""특수문자는 입력하실 수 없습니다.""); // 특수문자만 제거 obj.value = obj.value.replace(/[ \{\}\[\]\/?.,;:|\)占쏙옙*~`!^\-_+┼<>@\#$%&\'\""\\\(\=]/gi,''); } }",공지사항,로또 1201회 14억 1등조합 배출 - 아이디: yoon1234***
공지사항,로또 1201회 14억 1등조합 배출 - 아이디: yoon1234***

17년차 분석 연구 - 로또플레이 골드회원 가입,로그인회원가입 마이로또 운세 서비스

공지사항,로또 1201회 14억 1등조합 배출 - 아이디: yoon1234***



"로또 통계자료 로또 통계자료 초급 통계자료 중급 통계자료 고급 통계자료 로또 기본상식 로또 소개 로또 용어정리 확률 및 조합 로또 구입요령 로또 History 로또플레이 배출내역 로또 1등 총 401 회 배출 1등당첨 총액 : 950,658,848,753원 로또 2등 총 2,137 회 배출 2등당첨 총액 : 120,920,239,690원 3등 총 78,468 회 배출 3등당첨 총액 : 113,417,252,743원 명예의전당 1등 후기 $(window).load(function() { var left_jCarouselLite_timer = setTimeout(function () { $(""#left-jCarouselLite"").jCarouselLite({ scroll: 1, auto: 2000, speed:600, visible: 1, autoWidth: false, btnNext: ""#left-jCarouselLite_btn_next"", btnPrev: ""#left-jCarouselLite_btn_prev"" }); }, 1000); $('#left-jCarouselLite_btn_pause').click(function () { }); }); 무통장 입금 국민은행 768701-01-308653 신한은행 100-026-058873 농 협 302-0496-917791 예금주 : 로또플레이 (오정식) 국민은행 신한은행 농협 계좌문자 받기 안 내 본 서비스는 로그인이 필요한 서비스이므로,로그인 후 이용해주시기 바랍니다. 고객센터 1666 - 6645 평일: 오전 9시 - 오후 6시 (점심 시간:12시-13시) 주말 및 공휴일 고객센터 휴무 1:1 상담문의 서비스 안내 function characterCheck(obj){ // 허용하고 싶은 특수문자가 있다면 여기서 삭제하면 됨 var regExp = /[ \{\}\[\]\/?.,;:|\)*~`!^\-_+┼<>@\#$%&\'\""\\\(\=]/gi; if( regExp.test(obj.value) ){ alert(""특수문자는 입력하실수 없습니다.""); obj.value = obj.value.substring( 0 , obj.value.length - 1 ); // 입력한 특수문자 한자리 지움 } }","로또 통계자료 로또 통계자료 초급 통계자료 중급 통계자료 고급 통계자료 로또 기본상식 로또 소개 로또 용어정리 확률 및 조합 로또 구입요령 로또 History 로또플레이 배출내역 로또 1등 총 401 회 배출 1등당첨 총액 : 950,658,848,753원 로또 2등 총 2,137 회 배출 2등당첨 총액 : 120,920,239,690원 3등 총 78,468 회 배출 3등당첨 총액 : 113,417,252,743원 명예의전당 1등 후기 $(window).load(function() { var left_jCarouselLite_timer = setTimeout(function () { $(""#left-jCarouselLite"").jCarouselLite({ scroll: 1, auto: 2000, speed:600, visible: 1, autoWidth: false, btnNext: ""#left-jCarouselLite_btn_next"", btnPrev: ""#left-jCarouselLite_btn_prev"" }); }, 1000); $('#left-jCarouselLite_btn_pause').click(function () { }); }); 무통장 입금 국민은행 768701-01-308653 신한은행 100-026-058873 농 협 302-0496-917791 예금주 : 로또플레이 (오정식) 국민은행 신한은행 농협 계좌문자 받기 안 내 본 서비스는 로그인이 필요한 서비스이므로,로그인 후 이용해주시기 바랍니다. 고객센터 1666 - 6645 평일: 오전 9시 - 오후 6시 (점심 시간:12시-13시) 주말 및 공휴일 고객센터 휴무 1:1 상담문의 서비스 안내",,이번주 핫수 및 콜드수 1204회 당첨번호 08 16 28 30 31 44 27 이웃수 출현현황연번 출현현황핫수 및 콜드수 현황이번주 핫수 및 콜드수9궁도 자료당첨번호 중복현황당첨번호 간격소수 현황스타트번호 현황라스트번호 현황3배수 현황5배수 현황 주기별 검색 5 주기 10 주기 15 주기 20 주기 검색 .table tr td { text-align: left; height: 70px; padding: 20px 0; padding-left: 10px } .table tr td.times { text-align: center; padding-left: 0 } 구분 번호리스트 핫수(뜨거운번호) 콜드수(차가운번호),,이번주 핫수 및 콜드수 1204회 당첨번호 08 16 28 30 31 44 27 이웃수 출현현황연번 출현현황핫수 및 콜드수 현황이번주 핫수 및 콜드수9궁도 자료당첨번호 중복현황당첨번호 간격소수 현황스타트번호 현황라스트번호 현황3배수 현황5배수 현황 주기별 검색 5 주기 10 주기 15 주기 20 주기 검색 .table tr td { text-align: left; height: 70px; padding: 20px 0; padding-left: 10px } .table tr td.times { text-align: center; padding-left: 0 } 구분 번호리스트 핫수(뜨거운번호) 콜드수(차가운번호),이번주 핫수 및 콜드수 1204회 당첨번호 08 16 28 30 31 44 27 이웃수 출현현황연번 출현현황핫수 및 콜드수 현황이번주 핫수 및 콜드수9궁도 자료당첨번호 중복현황당첨번호 간격소수 현황스타트번호 현황라스트번호 현황3배수 현황5배수 현황 주기별 검색 5 주기 10 주기 15 주기 20 주기 검색 .table tr td { text-align: left; height: 70px; padding: 20px 0; padding-left: 10px } .table tr td.times { text-align: center; padding-left: 0 } 구분 번호리스트 핫수(뜨거운번호) 콜드수(차가운번호),이번주 핫수 및 콜드수,1204회 당첨번호 08 16 28 30 31 44 27,,이웃수 출현현황연번 출현현황핫수 및 콜드수 현황이번주 핫수 및 콜드수9궁도 자료당첨번호 중복현황당첨번호 간격소수 현황스타트번호 현황라스트번호 현황3배수 현황5배수 현황 주기별 검색 5 주기 10 주기 15 주기 20 주기 검색 .table tr td { text-align: left; height: 70px; padding: 20px 0; padding-left: 10px } .table tr td.times { text-align: center; padding-left: 0 } 구분 번호리스트 핫수(뜨거운번호) 콜드수(차가운번호),이웃수 출현현황,연번 출현현황,핫수 및 콜드수 현황,이번주 핫수 및 콜드수,9궁도 자료,당첨번호 중복현황,당첨번호 간격,소수 현황,스타트번호 현황,라스트번호 현황,3배수 현황,5배수 현황,구분,번호리스트,핫수(뜨거운번호),,콜드수(차가운번호),,
"로또 통계자료 로또 통계자료 초급 통계자료 중급 통계자료 고급 통계자료 로또 기본상식 로또 소개 로또 용어정리 확률 및 조합 로또 구입요령 로또 History 로또플레이 배출내역 로또 1등 총 401 회 배출 1등당첨 총액 : 950,658,848,753원 로또 2등 총 2,137 회 배출 2등당첨 총액 : 120,920,239,690원 3등 총 78,468 회 배출 3등당첨 총액 : 113,417,252,743원 명예의전당 1등 후기 $(window).load(function() { var left_jCarouselLite_timer = setTimeout(function () { $(""#left-jCarouselLite"").jCarouselLite({ scroll: 1, auto: 2000, speed:600, visible: 1, autoWidth: false, btnNext: ""#left-jCarouselLite_btn_next"", btnPrev: ""#left-jCarouselLite_btn_prev"" }); }, 1000); $('#left-jCarouselLite_btn_pause').click(function () { }); }); 무통장 입금 국민은행 768701-01-308653 신한은행 100-026-058873 농 협 302-0496-917791 예금주 : 로또플레이 (오정식) 국민은행 신한은행 농협 계좌문자 받기 안 내 본 서비스는 로그인이 필요한 서비스이므로,로그인 후 이용해주시기 바랍니다. 고객센터 1666 - 6645 평일: 오전 9시 - 오후 6시 (점심 시간:12시-13시) 주말 및 공휴일 고객센터 휴무 1:1 상담문의 서비스 안내"


이번주 핫수 및 콜드수 1204회 당첨번호 08 16 28 30 31 44 27 이웃수 출현현황연번 출현현황핫수 및 콜드수 현황이번주 핫수 및 콜드수9궁도 자료당첨번호 중복현황당첨번호 간격소수 현황스타트번호 현황라스트번호 현황3배수 현황5배수 현황 주기별 검색 5 주기 10 주기 15 주기 20 주기 검색 .table tr td { text-align: left; height: 70px; padding: 20px 0; padding-left: 10px } .table tr td.times { text-align: center; padding-left: 0 } 구분 번호리스트 핫수(뜨거운번호) 콜드수(차가운번호),이번주 핫수 및 콜드수 1204회 당첨번호 08 16 28 30 31 44 27 이웃수 출현현황연번 출현현황핫수 및 콜드수 현황이번주 핫수 및 콜드수9궁도 자료당첨번호 중복현황당첨번호 간격소수 현황스타트번호 현황라스트번호 현황3배수 현황5배수 현황 주기별 검색 5 주기 10 주기 15 주기 20 주기 검색 .table tr td { text-align: left; height: 70px; padding: 20px 0; padding-left: 10px } .table tr td.times { text-align: center; padding-left: 0 } 구분 번호리스트 핫수(뜨거운번호) 콜드수(차가운번호),이번주 핫수 및 콜드수,1204회 당첨번호 08 16 28 30 31 44 27,,이웃수 출현현황연번 출현현황핫수 및 콜드수 현황이번주 핫수 및 콜드수9궁도 자료당첨번호 중복현황당첨번호 간격소수 현황스타트번호 현황라스트번호 현황3배수 현황5배수 현황 주기별 검색 5 주기 10 주기 15 주기 20 주기 검색 .table tr td { text-align: left; height: 70px; padding: 20px 0; padding-left: 10px } .table tr td.times { text-align: center; padding-left: 0 } 구분 번호리스트 핫수(뜨거운번호) 콜드수(차가운번호),이웃수 출현현황,연번 출현현황,핫수 및 콜드수 현황,이번주 핫수 및 콜드수,9궁도 자료,당첨번호 중복현황,당첨번호 간격,소수 현황,스타트번호 현황,라스트번호 현황,3배수 현황,5배수 현황,구분,번호리스트,핫수(뜨거운번호),,콜드수(차가운번호),,
이번주 핫수 및 콜드수 1204회 당첨번호 08 16 28 30 31 44 27 이웃수 출현현황연번 출현현황핫수 및 콜드수 현황이번주 핫수 및 콜드수9궁도 자료당첨번호 중복현황당첨번호 간격소수 현황스타트번호 현황라스트번호 현황3배수 현황5배수 현황 주기별 검색 5 주기 10 주기 15 주기 20 주기 검색 .table tr td { text-align: left; height: 70px; padding: 20px 0; padding-left: 10px } .table tr td.times { text-align: center; padding-left: 0 } 구분 번호리스트 핫수(뜨거운번호) 콜드수(차가운번호),이번주 핫수 및 콜드수,1204회 당첨번호 08 16 28 30 31 44 27,,이웃수 출현현황연번 출현현황핫수 및 콜드수 현황이번주 핫수 및 콜드수9궁도 자료당첨번호 중복현황당첨번호 간격소수 현황스타트번호 현황라스트번호 현황3배수 현황5배수 현황 주기별 검색 5 주기 10 주기 15 주기 20 주기 검색 .table tr td { text-align: left; height: 70px; padding: 20px 0; padding-left: 10px } .table tr td.times { text-align: center; padding-left: 0 } 구분 번호리스트 핫수(뜨거운번호) 콜드수(차가운번호),이웃수 출현현황,연번 출현현황,핫수 및 콜드수 현황,이번주 핫수 및 콜드수,9궁도 자료,당첨번호 중복현황,당첨번호 간격,소수 현황,스타트번호 현황,라스트번호 현황,3배수 현황,5배수 현황,구분,번호리스트,핫수(뜨거운번호),,콜드수(차가운번호),,
이번주 핫수 및 콜드수,1204회 당첨번호 08 16 28 30 31 44 27

이웃수 출현현황연번 출현현황핫수 및 콜드수 현황이번주 핫수 및 콜드수9궁도 자료당첨번호 중복현황당첨번호 간격소수 현황스타트번호 현황라스트번호 현황3배수 현황5배수 현황 주기별 검색 5 주기 10 주기 15 주기 20 주기 검색 .table tr td { text-align: left; height: 70px; padding: 20px 0; padding-left: 10px } .table tr td.times { text-align: center; padding-left: 0 } 구분 번호리스트 핫수(뜨거운번호) 콜드수(차가운번호),이웃수 출현현황,연번 출현현황,핫수 및 콜드수 현황,이번주 핫수 및 콜드수,9궁도 자료,당첨번호 중복현황,당첨번호 간격,소수 현황,스타트번호 현황,라스트번호 현황,3배수 현황,5배수 현황,구분,번호리스트,핫수(뜨거운번호),,콜드수(차가운번호),
이웃수 출현현황,연번 출현현황,핫수 및 콜드수 현황,이번주 핫수 및 콜드수
9궁도 자료,당첨번호 중복현황,당첨번호 간격,소수 현황
스타트번호 현황,라스트번호 현황,3배수 현황,5배수 현황
구분,번호리스트
핫수(뜨거운번호),
콜드수(차가운번호),


"로또 통계자료 로또 통계자료 초급 통계자료 중급 통계자료 고급 통계자료 로또 기본상식 로또 소개 로또 용어정리 확률 및 조합 로또 구입요령 로또 History 로또플레이 배출내역 로또 1등 총 401 회 배출 1등당첨 총액 : 950,658,848,753원 로또 2등 총 2,137 회 배출 2등당첨 총액 : 120,920,239,690원 3등 총 78,468 회 배출 3등당첨 총액 : 113,417,252,743원 명예의전당 1등 후기 $(window).load(function() { var left_jCarouselLite_timer = setTimeout(function () { $(""#left-jCarouselLite"").jCarouselLite({ scroll: 1, auto: 2000, speed:600, visible: 1, autoWidth: false, btnNext: ""#left-jCarouselLite_btn_next"", btnPrev: ""#left-jCarouselLite_btn_prev"" }); }, 1000); $('#left-jCarouselLite_btn_pause').click(function () { }); }); 무통장 입금 국민은행 768701-01-308653 신한은행 100-026-058873 농 협 302-0496-917791 예금주 : 로또플레이 (오정식) 국민은행 신한은행 농협 계좌문자 받기 안 내 본 서비스는 로그인이 필요한 서비스이므로,로그인 후 이용해주시기 바랍니다. 고객센터 1666 - 6645 평일: 오전 9시 - 오후 6시 (점심 시간:12시-13시) 주말 및 공휴일 고객센터 휴무 1:1 상담문의 서비스 안내"



이번주 핫수 및 콜드수 1204회 당첨번호 08 16 28 30 31 44 27 이웃수 출현현황연번 출현현황핫수 및 콜드수 현황이번주 핫수 및 콜드수9궁도 자료당첨번호 중복현황당첨번호 간격소수 현황스타트번호 현황라스트번호 현황3배수 현황5배수 현황 주기별 검색 5 주기 10 주기 15 주기 20 주기 검색 .table tr td { text-align: left; height: 70px; padding: 20px 0; padding-left: 10px } .table tr td.times { text-align: center; padding-left: 0 } 구분 번호리스트 핫수(뜨거운번호) 콜드수(차가운번호),이번주 핫수 및 콜드수 1204회 당첨번호 08 16 28 30 31 44 27 이웃수 출현현황연번 출현현황핫수 및 콜드수 현황이번주 핫수 및 콜드수9궁도 자료당첨번호 중복현황당첨번호 간격소수 현황스타트번호 현황라스트번호 현황3배수 현황5배수 현황 주기별 검색 5 주기 10 주기 15 주기 20 주기 검색 .table tr td { text-align: left; height: 70px; padding: 20px 0; padding-left: 10px } .table tr td.times { text-align: center; padding-left: 0 } 구분 번호리스트 핫수(뜨거운번호) 콜드수(차가운번호),이번주 핫수 및 콜드수,1204회 당첨번호 08 16 28 30 31 44 27,,이웃수 출현현황연번 출현현황핫수 및 콜드수 현황이번주 핫수 및 콜드수9궁도 자료당첨번호 중복현황당첨번호 간격소수 현황스타트번호 현황라스트번호 현황3배수 현황5배수 현황 주기별 검색 5 주기 10 주기 15 주기 20 주기 검색 .table tr td { text-align: left; height: 70px; padding: 20px 0; padding-left: 10px } .table tr td.times { text-align: center; padding-left: 0 } 구분 번호리스트 핫수(뜨거운번호) 콜드수(차가운번호),이웃수 출현현황,연번 출현현황,핫수 및 콜드수 현황,이번주 핫수 및 콜드수,9궁도 자료,당첨번호 중복현황,당첨번호 간격,소수 현황,스타트번호 현황,라스트번호 현황,3배수 현황,5배수 현황,구분,번호리스트,핫수(뜨거운번호),,콜드수(차가운번호),,
이번주 핫수 및 콜드수 1204회 당첨번호 08 16 28 30 31 44 27 이웃수 출현현황연번 출현현황핫수 및 콜드수 현황이번주 핫수 및 콜드수9궁도 자료당첨번호 중복현황당첨번호 간격소수 현황스타트번호 현황라스트번호 현황3배수 현황5배수 현황 주기별 검색 5 주기 10 주기 15 주기 20 주기 검색 .table tr td { text-align: left; height: 70px; padding: 20px 0; padding-left: 10px } .table tr td.times { text-align: center; padding-left: 0 } 구분 번호리스트 핫수(뜨거운번호) 콜드수(차가운번호),이번주 핫수 및 콜드수,1204회 당첨번호 08 16 28 30 31 44 27,,이웃수 출현현황연번 출현현황핫수 및 콜드수 현황이번주 핫수 및 콜드수9궁도 자료당첨번호 중복현황당첨번호 간격소수 현황스타트번호 현황라스트번호 현황3배수 현황5배수 현황 주기별 검색 5 주기 10 주기 15 주기 20 주기 검색 .table tr td { text-align: left; height: 70px; padding: 20px 0; padding-left: 10px } .table tr td.times { text-align: center; padding-left: 0 } 구분 번호리스트 핫수(뜨거운번호) 콜드수(차가운번호),이웃수 출현현황,연번 출현현황,핫수 및 콜드수 현황,이번주 핫수 및 콜드수,9궁도 자료,당첨번호 중복현황,당첨번호 간격,소수 현황,스타트번호 현황,라스트번호 현황,3배수 현황,5배수 현황,구분,번호리스트,핫수(뜨거운번호),,콜드수(차가운번호),,
이번주 핫수 및 콜드수,1204회 당첨번호 08 16 28 30 31 44 27

이웃수 출현현황연번 출현현황핫수 및 콜드수 현황이번주 핫수 및 콜드수9궁도 자료당첨번호 중복현황당첨번호 간격소수 현황스타트번호 현황라스트번호 현황3배수 현황5배수 현황 주기별 검색 5 주기 10 주기 15 주기 20 주기 검색 .table tr td { text-align: left; height: 70px; padding: 20px 0; padding-left: 10px } .table tr td.times { text-align: center; padding-left: 0 } 구분 번호리스트 핫수(뜨거운번호) 콜드수(차가운번호),이웃수 출현현황,연번 출현현황,핫수 및 콜드수 현황,이번주 핫수 및 콜드수,9궁도 자료,당첨번호 중복현황,당첨번호 간격,소수 현황,스타트번호 현황,라스트번호 현황,3배수 현황,5배수 현황,구분,번호리스트,핫수(뜨거운번호),,콜드수(차가운번호),
이웃수 출현현황,연번 출현현황,핫수 및 콜드수 현황,이번주 핫수 및 콜드수
9궁도 자료,당첨번호 중복현황,당첨번호 간격,소수 현황
스타트번호 현황,라스트번호 현황,3배수 현황,5배수 현황
구분,번호리스트
핫수(뜨거운번호),
콜드수(차가운번호),


이번주 핫수 및 콜드수 1204회 당첨번호 08 16 28 30 31 44 27 이웃수 출현현황연번 출현현황핫수 및 콜드수 현황이번주 핫수 및 콜드수9궁도 자료당첨번호 중복현황당첨번호 간격소수 현황스타트번호 현황라스트번호 현황3배수 현황5배수 현황 주기별 검색 5 주기 10 주기 15 주기 20 주기 검색 .table tr td { text-align: left; height: 70px; padding: 20px 0; padding-left: 10px } .table tr td.times { text-align: center; padding-left: 0 } 구분 번호리스트 핫수(뜨거운번호) 콜드수(차가운번호),이번주 핫수 및 콜드수,1204회 당첨번호 08 16 28 30 31 44 27,,이웃수 출현현황연번 출현현황핫수 및 콜드수 현황이번주 핫수 및 콜드수9궁도 자료당첨번호 중복현황당첨번호 간격소수 현황스타트번호 현황라스트번호 현황3배수 현황5배수 현황 주기별 검색 5 주기 10 주기 15 주기 20 주기 검색 .table tr td { text-align: left; height: 70px; padding: 20px 0; padding-left: 10px } .table tr td.times { text-align: center; padding-left: 0 } 구분 번호리스트 핫수(뜨거운번호) 콜드수(차가운번호),이웃수 출현현황,연번 출현현황,핫수 및 콜드수 현황,이번주 핫수 및 콜드수,9궁도 자료,당첨번호 중복현황,당첨번호 간격,소수 현황,스타트번호 현황,라스트번호 현황,3배수 현황,5배수 현황,구분,번호리스트,핫수(뜨거운번호),,콜드수(차가운번호),,
이번주 핫수 및 콜드수,1204회 당첨번호 08 16 28 30 31 44 27

이웃수 출현현황연번 출현현황핫수 및 콜드수 현황이번주 핫수 및 콜드수9궁도 자료당첨번호 중복현황당첨번호 간격소수 현황스타트번호 현황라스트번호 현황3배수 현황5배수 현황 주기별 검색 5 주기 10 주기 15 주기 20 주기 검색 .table tr td { text-align: left; height: 70px; padding: 20px 0; padding-left: 10px } .table tr td.times { text-align: center; padding-left: 0 } 구분 번호리스트 핫수(뜨거운번호) 콜드수(차가운번호),이웃수 출현현황,연번 출현현황,핫수 및 콜드수 현황,이번주 핫수 및 콜드수,9궁도 자료,당첨번호 중복현황,당첨번호 간격,소수 현황,스타트번호 현황,라스트번호 현황,3배수 현황,5배수 현황,구분,번호리스트,핫수(뜨거운번호),,콜드수(차가운번호),
이웃수 출현현황,연번 출현현황,핫수 및 콜드수 현황,이번주 핫수 및 콜드수
9궁도 자료,당첨번호 중복현황,당첨번호 간격,소수 현황
스타트번호 현황,라스트번호 현황,3배수 현황,5배수 현황
구분,번호리스트
핫수(뜨거운번호),
콜드수(차가운번호),


이번주 핫수 및 콜드수,1204회 당첨번호 08 16 28 30 31 44 27

이웃수 출현현황연번 출현현황핫수 및 콜드수 현황이번주 핫수 및 콜드수9궁도 자료당첨번호 중복현황당첨번호 간격소수 현황스타트번호 현황라스트번호 현황3배수 현황5배수 현황 주기별 검색 5 주기 10 주기 15 주기 20 주기 검색 .table tr td { text-align: left; height: 70px; padding: 20px 0; padding-left: 10px } .table tr td.times { text-align: center; padding-left: 0 } 구분 번호리스트 핫수(뜨거운번호) 콜드수(차가운번호),이웃수 출현현황,연번 출현현황,핫수 및 콜드수 현황,이번주 핫수 및 콜드수,9궁도 자료,당첨번호 중복현황,당첨번호 간격,소수 현황,스타트번호 현황,라스트번호 현황,3배수 현황,5배수 현황,구분,번호리스트,핫수(뜨거운번호),,콜드수(차가운번호),
이웃수 출현현황,연번 출현현황,핫수 및 콜드수 현황,이번주 핫수 및 콜드수
9궁도 자료,당첨번호 중복현황,당첨번호 간격,소수 현황
스타트번호 현황,라스트번호 현황,3배수 현황,5배수 현황
구분,번호리스트
핫수(뜨거운번호),
콜드수(차가운번호),


이웃수 출현현황,연번 출현현황,핫수 및 콜드수 현황,이번주 핫수 및 콜드수
9궁도 자료,당첨번호 중복현황,당첨번호 간격,소수 현황
스타트번호 현황,라스트번호 현황,3배수 현황,5배수 현황

구분,번호리스트
핫수(뜨거운번호),
콜드수(차가운번호),

,

아이디 저장

ㆍ아직 로또플레이 회원이 아니세요?,
ㆍ아이디/비밀번호가 기억나지 않으세요?,

☞ 아이디 찾기
- 이름과 핸드폰번호를 입력해 주십시오.

이름 핸드폰번호 - -,이름,,,핸드폰번호,- -,,
이름,

핸드폰번호,- -



☞ 비밀번호 찾기
- 아래 정보를 입력해 주시면 새로 생성된 비밀번호가 핸드폰으로 발송됩니다.

아이디 핸드폰번호 - -,아이디,,,핸드폰번호,- -,,
아이디,

핸드폰번호,- -



이름,

핸드폰번호,- -



아이디,

핸드폰번호,- -



☞ 아이디 찾기 결과





☞ 비밀번호 찾기 결과

회원님이 등록하신 핸드폰번호로 임시 비밀번호를 발송해 드렸습니다.



