ȣ,ȣ,θּ,ּ
1,ɱ溹ǹ, ϱ  140, ϱ 2 437-10
2,ٸ, α 6 39-1 , α ε 29-21
3,ٸƺǸ, α ؾȷ30 13-7, α  137-46
4,ٸƺ, α η19 4, α  315-14
5,κǹ, ߱ 6 5, ߱ ȸ1 194-11
6,ǹ, ϱ ȭ13 20, ϱ Ͽ 21-103
7,Ѱձ, ı з 198 κ, ı  28-8
8,̷ζ, õ Ϸ 686 , õ ﵿ 908-2
9,, ϱ ָŷ 105-1, ϱ ̾Ƶ 224-58
10,ǹ, α  55-1, α 4 767-182
11,, ߱   58, ߱ 2 9-7
12,Ʈ, ߱  54-1, ߱ 1 97-2
13,,  սʸ 362 ,   363-1
14,Ѻ Ʈ,  165 2,   596-24
15,ǰ(), ߶ 48 11, ߶  458-120
16,, ߶ 30 8, ߶  136-50
17,ǳ, ı з32 23, ı  175
18,ڻ縶Ʈ, õ 75 15 , õ 굿 1018-26
19,ڻ縶Ʈ â, α â11 5, α â 339
20,ڻ縶Ʈ, α  35, α 5 108-2
21,Ÿ޵, Ǳ μȯ 1869 , Ǳ õ 1673-16
22,꼺, ı õ63 6 , ı ſ 577
23,Ǹ, Ǳ 屺1 43 , Ǳ õ 927-20
24,Ǽ, α 츶 4, α  124-2
25,ũǹ,  ھ13 62,  ھ絿 623-28
26,Ȱ, õ ȷ 1186 , õ 굿 1006-19
27,Ǹȭ, ʱ Ӵ 39, ʱ ʵ 1578-5
28,̷ζǺǹ, ߱ û14 3, ߱ Ŵ絿 387-60
29,ںǹ, ߱  398, ߱ е 11-2
30,ǹ, ߱ ٻ35 11, ߱ Ŵ絿 241-5
31,¯, α  269, α 6 93-1
32,úǻ, α η53 15, α ε 1258
33,Ǹ, α ε 72, α 4 805-20
34,Ǹ, α  26, α  403-165
35,ǹ, 빮 Ѻ 1-1, 빮 ż 84-1
36,  ǹ,   78,  赿 340-1
37,ǹ(õϸ),   75,  絿 347
38,Ŭ,   318 ,  ȣ4 147
39,ż,  ű 63 ,  ű浿 448-3
40,ǻ,   465,  4 6-1
41,մ,  84 12,  ű浿 73-12
42,Ǹ,   421-2,  ű浿 347-220
43,õ, ʱ ʴ 97, ʱ 4 874-7
44,õϸ纹ǹ,   51,  Ż絿 3-11
45,ǹ,   258 ,  ұ 320-1
46,,   123-1,  1 658-27
47,,  13 34,  е 634
48,ĳ, 걸 â 156, 걸 Ű赿 36-14
49,ǹ, õ  137, õ ſ1 116-14
50,õ,  ȭ33 66,  ȭ 249-110
51,Ǹ,  ȭ 321,  ȭ 1105
52,Ʊ׳׽,  ȭ 43,  ȭ 614-18
53,ǳ, ߶ ȭ 30, ߶ ȭ 312-1
54,, ߶ 91 46, ߶  112-51
55,Ǹ, ߶  362, ߶  413-3
56,ǹ,   127,   154-10
57,õ,   92,   480-1
58,ǹȭ,  ŷ 157,   474-2
59,ѻ ȫ, 빮 Ϸ 457, 빮 ȫ 330-60
60,ǸƮ, 빮  31, 빮 ȫ 265-5
61,ǹ, 빮 ̷ 235-1 , 빮 Ͼ 220-43
62,ǹ, 빮  73, 빮 2 124
63,Ǽ, ۱ Ŵ 8, ۱ Ŵ浿 618-26
64,Ǹ, ۱  26 , ۱ Ŵ浿 338-19
65,Į, ۱ 󵵷 143 ۾Ϻ, ۱ 󵵵 191-1
66,ǳ, ۱  42 Ҹȸ, ۱ 󵵵 256-42
67,ǹ,  õȣ176 10-3,   245-32
68,ܰ,  õ 194 ,  õȣ 417-7
69,Ʈ,  øȷ 677 ,  õȣ 354-5
70,׸ȯ,   1355,  3 428-5
71,帲ǹ,  Ϸ 99,  ϻ1 488-34
72,ϴô , õ  97 , õ ﵿ 984
73,ǹ, õ  90 ۺ, õ ﵿ 954-7
74,, Ǳ Ÿ17 45, Ǳ Ÿ 1537-14
75,ǳ, Ǳ  116, Ǳ Ÿ 513-1
76,ζǴ, Ǳ  82 , Ǳ Ÿ 667-36
77,ǳ, Ǳ μȯ 1739-9 , Ǳ õ 926-25
78,õϸ, Ǳ  18, Ǳ Ÿ 608-34
79,ںǹ, õ 64 18 , õ 굿 378-235
80,õϸ纹ǹ浶, õ 85 16 , õ 굿 989-16
81,ǳ, Ǳ õ 40-1 , Ǳ õ 941-18
82,úǻ, Ǳ  363-1 , Ǳ Ÿ 518-11
83,ںǹ, ϱ ̷ 60, ϱ  250-10
84,Ǹ,  ȭ 59,  ߰ 107-43
85,ǹ,  ھ18 34,  1 246-70
86,õϸ纹ǹ,  ɵ 413,  ߰3 167-3
87,ǹ,  ʸ 382,  ߰ 561-2
88,,  ɵ19 7 ,  ȭ絿 111-114
89,õϸ, ı з40 31, ı ̵ 294-5
90,ŰǼ, ı õ 218, ı õ 77-9
91,ǹ, ı Ÿ 55, ı ſ1 133-82
92,õϸ紋ǹ, ı з41 7, ı 1 18-18
93,Ʈ,   213 ,  ﵿ 788-35
94,ȸ,   179 HŸ,   192-19
95,޶,  Ｚ82 22 ,  ġ 955-1
96,ٿ , ϱ  190 , ϱ  306-11
97,ǰ, ϱ  211, ϱ ̾Ƶ 207-2
98,Ʈ( ȣ), ߱ ȣ 163, ߱ Ŵ絿 372-31
99,ϳƮ, ߱ 90 22, ߱ Ŵ絿 152-7
100,ӸƮ, ߱  439-4, ߱ Ȳе 714
101,ȸ, ߱ ܷ13 43, ߱ 6 18-188
102,ζǺǹ, ߱  21, ߱ 2 17-1
103,, ߱  222-1, ߱ ʵ2 37-11
104,ѹǰ, ߱ â÷ 53-1 , ߱ 4 85-1
105,, α ̷ 10, α 絿 84-16
106,Ǻǹ, α Ϲ 14, α ǵ 59
107,, α ȭ 66, α ͷ浿 68
108,emart24 ̻Ÿ,   202 κ,   1238
109,,  37 42 ,  ﵿ 674
110,Ķǰ,  151 23 ,  Ż絿 563-1
111,Ʈ,  26 8 ,   7-10
112,ｴ,  150 31 ,   61-19
113,뽴,   508,   186-15
114,ǰ,  е38 11 ,   211
115,泲Ʈ, α ô52 21, α ô2 306
116,õϸ, α  60 , α  170-11
117,ջ, α η33 82, α ô2 269-5
118,24ù̴Ͻ, α  94, α 3 147-6
119,Ϻ, 빮 ȸ 194, 빮 ְ浿 319-1
120,J, 빮 ջ 211 , 빮 û 258
121,õ, 빮 2 15, 빮 ʸ 488-60
122,Ѽǰ, ߱ ǥ 26, ߱ 2 48-7
123,ǰ, ߱ ٵ 43 ѿܺ, ߱ ٵ 70
124,Űǹ,   428,  赿 1282
125,򰭽,  ط75 14-2,  赿 704
126,µ,  ȭ 421,   683-14
127,ȸ,  ڷ 290-3,  1 191-3
128,Ͻ,  ڷ 331,  嵿 568-1
129,,   379-1,  ű浿 97-82
130,Ͻǰ,  32 10 ,  굿3 228-1
131,ż轴,  븲 191,  븲 739-1
132,âû,  ű 203 ,  ű浿 221-39
133,GƮ,  з 387,  븲 862-6
134,켱ǰ,  ŷ 231-2,  ű浿 163-5
135,ູ, ʱ 30 63 ʼ, ʱ 絿 7-43
136,ȭ,   198-1,   219-2
137,ū,  Ϸ 905 ,   392-5
138,Ʈ ǹ,   256 ,   106-1
139,24,  Ϸ 855-15,  1 398-1
140,ƽ ocho,   222,  â3 557-5
141,ѾƸ,  ط41 38-17,  ֹ 281-52
142,ν,   588,  â5 731-55
143,,   628,  ֹ 512-23
144,θƮ,   505,  ֹ 88-127
145,Ű, 걸 ľϷ 52 , 걸 ľϵ 27-14
146,Ÿ, 걸 Ѱ38 11, 걸 Ѱ2 153-5
147,Ǽ, õ ޷5 26, õ ſ 110-18
148,Ǹż, õ ߾ӷ 251 , õ  1182-2
149,, õ Ÿ 70-1 , õ  89-29
150,Ÿ, õ ߾Ӽ7 39, õ  792-1
151,ȣ߽ǰ, õ ߾ӷ 234, õ  1052-1
152,ɰ ochoƮ, õ ߾Ӻ 54 , õ  234-4
153,Ʈ, õ ߾Ӽ 15-1, õ  790-21
154,ǿͽǰ,  õ 694,  â 264-8
155,븶Ʈ,  ״ 649,  â 283-12
156,,  ޷ 156-1,  ȭ 896-1
157,ȭƮ,  ġ4 3,  ȭ 98-60
158, ȭ꿪,  õ 19,  ȭ 498-4
159,γ,  5 16,  ȭ 904-27
160,,  ̷ 79,  ̵ 565-6
161,,  ״59 29,  ̵ 646-32
162,ݰǰ,   207 ź,  ȭ 1024-10
163,̴, 빮 ȸ25 133, 빮 ̹2 283-12
164,ϳν, 빮 ڷ 484, 빮 ⵿ 844
165,Ʈ, 빮 ѷ31 10, 빮 2 304-5
166,׸, 빮 ջ 138 , 빮 ε 24-4
167,ϵǹ, 빮 簡 125, 빮  38-12
168,漺ǰ, 빮 21 52, 빮 ְ1 192-5
169, ǹ, 빮 ְ 30, 빮 ְ浿 163-18
170,ſ,  51 27,   708
171,ＺƮ,   636,  Ｚ 34-3
172,׸, ߶ Ϸ130 42 , ߶ ȭ 291-40
173,žθƮ, ߶ 2 44, ߶  382
174,ǰ, ߶ Ϸ 919, ߶  238-11
175,ﺹǹ, ߶ Ϸ 809-1, ߶ ȭ 305-17
176,ڵ帲, ߶  203, ߶ ȭ 208-33
177,ξȽǰ, ߶ 븶 409, ߶  20-51
178,ȸ, ߶  110 , ߶ 쵿 506-8
179,뽴, ߶  203-1, ߶ 캻 514-80
180,뱸ȸ,  31 51,  밭 6-1
181,Ѿ罴,  źϷ 262,  굿 446
182,Ż,  ŷ 97,   57-34
183,, 빮 ȫ߾ӷ 99, 빮 ȫ 9-333
184,ȫŸƮ, 빮 Ϸ 407, 빮 ȫ 147-2
185,ο, 빮 Ϸ 104, 빮 ϰµ 292-11
186,, 빮 𷡳 355, 빮 ȫ 277-18
187,Ͻ, 빮 Ϸ 79 ȭ, 빮 ϰµ 309-3
188,Ǽ, 빮 źϰ 39, 빮 µ 343-1
189,ڻ縶Ʈ, ۱ 󵵷 10-7 , ۱ 浿 401-5
190,̽ǰ, ۱ 뷮 110 , ۱ 뷮 41-5
191,̴Ͻ, ۱ 󵵷 93 , ۱ 󵵵 328-7
192,, ۱ 󵵷 276 , ۱ 1 745-1
193,ſȸ, ۱ ¹ 143 , ۱ 뷮 235-5
194,ѳø, ۱  674 뷮깰Ž, ۱ 뷮 13-6
195,εȸ,  ѱۺ񼮷 396,  5 173-1
196,ƽ,   522,  10 673
197,켺,  õ 371,  ϻ絿 421-6
198,͸Ʈ,  Ϸ 211,  ϵ 341-5
199,ԵƮ,  Ϸ 17,  ϵ 342
200,Ʈ,  ǳ 209,  3 412-6
201,׸,  õ߷52 15,  浿 355-1
202,ǰ, õ 63 13 , õ ﵿ 121-10
203,뼺̴Ͻ, Ǳ μȯ 1413, Ǳ Ÿ 566-2
204,Ű, õ  143 , õ ﵿ 985-12
205,, Ǳ ȣϷ24 42 , Ǳ Ÿ 1535
206,â, õ ȷ17 41 3Ʈ, õ 굿 1136
207,ȭǰ, õ  58, õ 굿 151-11
208, ocho, ϱ 15 4, ϱ  230-188
209,Ʈ, ϱ Ϸ 174, ϱ Ͽ 90-121
210,ε(IGA), ϱ  167, ϱ  780
211,̾س, ϱ Ϸ 132 Ͽ츲īӸ, ϱ ϵ 132
212,ϰϻ(1014), ϱ Ϸ 31 , ϱ ϵ1 116
213,Ѿ罴ۺ, ϱ 24 65, ϱ 5 148
214,ȸ, ϱ  56, ϱ 7 22-14
215,ũι, α 54 42 , α âŵ 411-16
216,Ϸ ũ븶Ʈ,  56 85,  ǵ 546-4
217,ǰ,   413,  1 243-22
218,̴ϸƮ, ı  167 , ı ĵ 122-9
219,Ű, ı Ĵ42 20, ı 1 87-20
220,, ı  142, ı  97-4
221,ǵ̸Ʈ, ı 6 14, ı  30-17
222,, ı õ 235, ı õ2 25-2
223,, ı ̷27 9, ı 2 132-7
224,Ƽ, ı ݷ 516, ı ſ 31-10
225,ǰ, ı ݷ40 40, ı  154-18
226,,   193,   206
227,Ÿ, 걸 47 6, 걸 ȿâ 5-220
228,̺Ʈ, 걸  148, 걸 赿 264-3
229,24, õ ޷ 11, õ ſ 126-35
230,ζƮ, õ μȯ 327, õ ſ5 52-11
231,帲, 빮 ѷ 147, 빮 ȵ 306-3
232,CUŸ, 빮  62 , 빮 2 184-7
233,,  Ϸ 1493 ְƮ(10),  赿 666-3
234,,   105,  ߰ 245-1
235,MSƮ,   546 μ,  ǵ 229-7
236,θ, ϱ  52, ϱ ̾Ƶ 1364
237,ūǸ, ϱ  45, ϱ õ 60-5
238,ūڽ, ϱ  334, ϱ 1 446-50
239,1ǹ, ϱ  252, ϱ 絿 777-3
240,ŸƮպ, ߱ 빮 84, ߱ 빮2 9-1
241,հ141ȣ, ߱  447, ߱ Ȳе 686
242,Ǹ117ȣ, ߱ ܷ 257, ߱ 6 18-88
243,հǸ113ȣмTV, ߱  264 Ե FiTin, ߱ 6 21-31
244,ȣ, ߱ ٻ 109-1, ߱ Ŵ絿 369-2
245,31ȣ2ⱸǸ82ȣ, α ȭ 23 , α 3 23-1
246,ߺǹ, α Ϸ 246-10 Ʈ, α ǵ 82
247,빮1ⱸ, α  301, α âŵ 551
248,ȣ, α ȷ 103-1, α Ź1 10-1
249,SKڷհǴ, α  6 SKڷ, α ö 290
250,Ż츮,   620,  Ż絿 502-11
251,ǥǸż,  б  151-2,  б 394
252,,   519 ɺ,  ﵿ 696-40
253,ī ,   837 ,  Ż絿 584-3
254,ǸŴ()-3,  б 201 Ʈ,  б 458
255,ູ, α ߾ӷ 14, α ε 142-65
256,ūǸż, α  577, α ε 1123-1
257,īǸŴ, α η 661, α ŵ 337
258,, α η3  64, α ¼ 119
259,հ, α  245, α ε 435
260,ūǸż, α η 323, α 1 157-13
261,纹, 빮 ջ 112-1, 빮 ε 711-4
262,հ, 빮 ջ40 6, 빮  620-26
263,ȣ, ߱  90-1, ߱ 2 113-1
264,Ǹ, ߱ ҹ 109, ߱ ҹ 53-6
265,100ȣ, ߱  113-4, ߱ 3 335-1
266,빮ȸ15ȣ, ߱  45, ߱ â 47-12
267,ŰǸ, ߱  93, ߱ 2 360-1
268,ǸŴ152ȣ(), ߱ 빮 114, ߱ 빮1 22-6
269,ϳະհ43ȣ, ߱  55, ߱ 2 9-10
270,ΰǴ57ȣ(), ߱ 14 6-2, ߱ 2 69-1
271,߱12ȣ, ߱ Ѱ 416, ߱ 빮5 541
272,ǸŴ18ȣ, ߱ Ұ 51 츮ົ, ߱ ȸ1 203
273,߱-ΰǴ-37, ߱ 빮 20-2, ߱ 빮3 30-6
274,ǸŴ13ȣ, ߱  36, ߱ â 169-2
275,14ȣ, ߱  37, ߱ â 61-4
276,ŹǴ, ߱  5-1 , ߱ 빮5 63-13
277,, ߱  123, ߱ 湫2 65-7
278,δ밡,  Ϸ 741,   6-5
279,Ȳݴ,   328,  ϰ赿 180-11
280,,  Ϸ  1231-2,  ߰赿 503-3
281,ŹǸŴ,  ȭ 455-2,   629-2
282,Ǵ,   859-19,   30-1
283,밡,  սʸ 327 ,  Ͽսʸ 966-14
284,KB絿,  ڷ 198,  1 320-22
285,Ǹ1-4-28,  ڷ 348,  嵿 522-6
286,,   1 ,  ȣ1 125-1
287,丶,  7 15-1,  絿 3-3
288,ζǸ,   52,  굿6 337-19
289,īǸŴ,  ǳ 71 ȭ,  ǵ 25-3
290,帲ζ, ʱ Ź 194 ӹ͹̳, ʱ  19-4
291,ζǿ , ʱ 13 18 ũŸ, ʱ 赿 923-6
292,GALLANT, ʱ Ź 194 ӹ͹̳, ʱ  19-4
293,հ,  Ϸ 247,  3 124-17
294,,  Ϸ 750,  ұ1 267-1
295,,   767,   616-19
296,, 걸 Ѱ 80 , 걸 Ѱ2 222-5
297,Ǹ, 걸 Ѱ 114, 걸 Ѱ2 424-2
298,Ǹ, 걸 ȿ 179, 걸 ȿ2 72
299,Ź, 걸 Ѱ 277-3, 걸  90-3
300,̰, 걸 ̷71 10, 걸 ̵ 409
301,Ǹ, 걸 ȿ 166, 걸 ȿ2 94-2
302,Ǽ, õ ſ 187, õ ſ 535-4
303,ġ, õ ȭ 103 , õ ſ 23-17
304,ūڽ, 빮 ̹ 93 MJķ۽ܴ, 빮 ̹ 329-1
305,ζǸ, 빮 ջ37 11, 빮 û 773
306,ī,   625 ,  Ｚ 170-9
307,ī,   309,  ﵿ 765-9
308,,  ȭ 115,   374-18
309,θ,   61-1,  ȭ 559
310,ζǺǸż,   44,  ȭ 37
311,3ⱸհ,   249 б,   267-1
312,Ǹ, 빮  32 , 빮 µ 293-85
313,, 빮 ̷ 155, 빮  101-25
314,պǰǸ, 빮 ̷ 75, 빮 âõ 72-7
315,Ǹ, 빮 ̷ 103, 빮 âõ 18-42
316,Ǹ18ȣ, 빮 ̿ 16 ̰̾, 빮  27-20
317,ζǰ, ۱ 뷮 168-2, ۱ 뷮 148-80
318,ūڽ, ۱ 漮 106-5 , ۱ 漮 102-25
319,QƮ, ۱ ¹ 146 뷮1޼, ۱ 뷮 236-13
320,, ۱ 󵵷 246 ϰ, ۱ 󵵵 32-10
321,,  õȣ 1073 ž,  õȣ 449-49
322,ǥ ,  øȷ 811,  ϻ絿 504-22
323,Ʈ,  õ34 71,  õȣ 100-3
324,ڰ,   1627,  ϵ 312-92
325,Ǹ,   1443,  浿 458-5
326,,  øȷ 746,  õȣ 315
327,ǸŴ,  øȷ 648,  õȣ 455-21
328,׽Ƽհ,  øȷ 664,  õȣ2 425-5
329,Ǹ, Ǳ õ 955 , Ǳ  1060-11
330,ζ  , õ μȯ 1390 ǿ, õ 굿 876-2
331,, Ǳ õ 953 , Ǳ  1061-59
332,ΰǴ, Ǳ  572 Ѽ, Ǳ Ÿ 1643-6
333,Ǹ, õ  480, õ 3 967-19
334,θǸż, Ǳ μȯ 2056 ¸, Ǳ  1057-22
335,Ǹ, õ  217 ﵿü, õ ﵿ 993-2
336,88, õ  130 , õ 굿 145-23
337,ŸƮ, Ǳ μȯ 1588 Ÿ, Ǳ Ÿ 1639-1
338,74ȣհ, α ûõ 111 , α  149-2
339,θ,   375-1,  ڵ 361-28
340,,  븶 55,  ߰ 124-11
341,ǰհ,  õȣ 647,  ߰ 115-4
342,ڷζ,  ɵ 295,  ڵ 477-18
343,꿪Ǹ,  õȣ 665,  2 53-4
344,ھŸθ,  ھ 95,  ھ絿 219-2
345,ūǸż, ı ٶ帮 62, ı ǳ1 480
346,Ǹ, ı øȷ 269, ı õ 7-18
347,ġƮ, ı  932 깰Ž, ı  600
348,ǳ翪2ⱸ, ı øȷ37 109, ı õ 17-2
349,, ϱ ֻ 254, ϱ ﰢ굿 688-5
350,¾, ߱ ȣ 193-22 鼮, ߱ Ŵ絿 355-8
351,Ƿ, ߱ ûõ 182, ߱ ֱ 135-1
352,츮Ʈ, ߱ â÷ 11, ߱ 湫4 62-9
353,ǹ, ߱ ȣ10 12 , ߱ Ŵ絿 349-57
354,ڵ帲, α ε 35 , α ε 759
355,ǵ, α ߾ӷ 216-1 , α ε 612-9
356,GS25õ, α Ϸ15 29, α õ 208-16
357,ִö, α ߾ӷ 31, α ε 136-40
358,, 빮 õȣ 67 , 빮 ε 118-81
359,츮, 빮 õ 89, 빮 ʸ2 902
360,, 빮 ѷ2 24, 빮 ȵ 464-6
361,ʵ, ߱ ʵ 15-6, ߱ ʵ2 74-3
362,,   108,   644-12
363,̷,  Ϸ191 7,   398-4
364,⸰,   680 ,  ߰赿 157-26
365,ī(),   84,  21 506
366,Ѿ紋,  ߾ӱ 78-1,  䵿 44-4
367,,  峪 51,  2 94-23
368,ų,   58 ,  3 77-44
369,̿ڷ, ʱ  70, ʱ 赿 813-7
370,â&ü, ʱ ʴ26 3, ʱ 赿 897-1
371,ֹȭ, ʱ 2 10, ʱ 赿 750-11
372,Ʈ, ʱ  212, ʱ 絿 13-8
373,帲Ʃ,   160,   468-3
374,θƮ,  170 8,  2 89-148
375,Ƿ,   143 Ͻ,  е 656-9
376,ڳ, 걸 ȸ 21, 걸 ¿ 278-8
377,ĿǴ, 걸 ľϷ 81, 걸 ڵ 4
378,9, 걸  117, 걸 ¿ 130-43
379,ٷ, õ ״ 562, õ 3 603-8
380,, õ  204, õ 4 987-7
381,ſ,  ̷ 61,  ȭ4 772-64
382,̰ǹ, 빮 ø 45 , 빮  644-90
383,, 빮 ѷ25 45, 빮 1 389-1
384,ڷ, 빮  86-1, 빮 ʸ 53-6
385,Ʈ, ı л16 4, ı ̵ 12
386,׸Ʈ, ı з19 26, ı ǵ 245
387,ζ, ߶  217, ߶ 񺻵 74-35
388,ƮŬ븶, ߶ 븶 494, ߶ 쵿 410-1
389,, ߶ 븶 557 , ߶ ų 492-24
390,, ߶ ȭ 194 žŸ, ߶ ų 666
391,¿, ߶ 33 80, ߶ 2 88-75
392,, ߶  176-1, ߶  89-2
393,нѽ, ߶ 븶115 92, ߶ 쵿 490-13
394,ǻ, ߶ ȥ 51, ߶ 񺻵 87-8
395,ڻ, ߶  2, ߶ 쵿 128-4
396,ζ, ߶ 31 43, ߶ 4 349-29
397,庸ǹ, ߶  288, ߶  627-16
398,, ߶ 74 40, ߶  103-7
399,ؿʹ,   184-1,  ż 339-3
400,,   224,  ż 448-23
401,δ25,  źϷ54 17,  ϵ 1597
402,ҽðַ, 빮 Ϸ 153-1, 빮 õ 227
403,뼭, ۱  127 浿Ʈ, ۱ 浿 502
404,и, ۱ 뷮 228 õ౹, ۱  400
405,Ｚ, ۱  90-1 ̼п, ۱ 뷮 119-144
406,,  Ϸ 1355,  赿 746-5
407,繮,   1549,  õȣ1 45-2
408,, Ǳ Ÿ 266 θ, Ǳ Ÿ 848
409,ǹ, Ǳ  172 , Ǳ Ÿ 637-9
410,코, Ǳ Ƿ 184, Ǳ õ 858-9
411,̷, ϱ  118-1 , ϱ  237-214
412,, ϱ ȭ 92 , ϱ Ͽ 37-74
413,´ Ȳݾ˴ڵ ζǹ, ϱ ȭ 167 , ϱ  26-5
414,ҹǸ, ϱ ̷ 29, ϱ  332-667
415,õϸ纹ǹ, ϱ  268, ϱ  151-15
416,ؾ, ϱ  171, ϱ 2 75-17
417,ۻ(å뿩),  õȣ112 10,  ɵ 222-5
418,ںǹ,  õ 300,  õȣ 238-1
419,ǹ, ϱ ҹ20 28-4, ϱ ҹ5 107
420,Ǫǹ, ߱ 36 35, ߱ 嵿 139-11
421,Ű,  Ϸ 159,  ̵ 55
422,ī,   1317,   440-30
423,Ͽº, 빮 õ 174 , 빮 ȵ 119-18
424,Ǵ20ȣ, ı Ĵ 365, ı ̵ 296-17
425,ķƮ,  õȣ 1476 ,  ϵ 431-3
426, ocho, ϱ 117 25, ϱ  311-6
427,Ǹż, α  117-24, α ε 1-4
428,Ǹ, õ  212 , õ ﵿ 889-13
429,׷帶Ʈհ,  ̷ 94,  굿 57-2
430,ŰǸ, ߱  26, ߱ 빮5 19-4
431,ǹ, α  331, α âŵ 308-1
432,ȸ, 빮 з 92 , 빮 ε 127-38
433,Ǹ(), ۱  215, ۱ 絿 252-17
434,õϸ纹ǹ, ۱ ۴7 11 , ۱ 絿 1031-1
435,Ʈ, ߶ 븶116 60, ߶ 쵿 184-31
436,ũǹ, 빮 ̹ 76 , 빮 ̹ 336-3
437,ũιٽ, ı 11 7 Ļ1-2, ı  644-2
438,ζǺǹ,  122 50 ,   169
439,ż,  е 503 Ѽ,  û㵿 76-6
440,,  ġ 177,  ȭ 1115-37
441,,  18 4 ,  ȭ 339-23
442,,  ΰ72 3,  ȭ 372-95
443,, Ǳ 뿪 91 켱, Ǳ õ 196-33
444,ູ, Ǳ Ż10 6 , Ǳ Ÿ 517-6
445,ڷζ, Ǳ  247 , Ǳ Ÿ 763-20
446,ȹζ,  ȭ 15,  ߰ 83-8
447,纹ǹ,   591,  嵿 244-6
448,ûۻȸ,  40 73,  ǵ 222-64
449,Today,  56 85,  ǵ 546-4
450,ŰĿ,   37,  ڵ 469-22
451,ζǺ,   38,  ߰ 244-1
452,ô뺹ǹ, õ ž 6-1 , õ ﵿ 249-11
453,ζ, ۱ 뷮 9, ۱ 浿 117-4
454,̴뿪4ⱸհ, 빮 ̷ 187 , 빮  45-21
455,츮  , 빮 ̷ 275, 빮 Ͼ 135-4
456,־ŷ , õ 񵿷 213, õ  900-21
457,ζǹ,  ߷ 12  ó׸ θ,  3 9-13
458,ູƮ, ߶ Ϸ 616 , ߶  151-7
459,޺, ߶ 71 21, ߶ 쵿 461-6
460,ζڸ, ߶ 28 33, ߶  131-6
461,Ǹ, ߶  212 , ߶  130
462,LOTTO,  ַ70 10,  ﵿ 761-2
463,ζ,    410,  ġ 889-13
464,,  Ͽ3 66,  Ͽ 656-5
465,ζ Ÿ,  14 31,  ﵿ 741-7
466,ζǸ,  Ｚ86  10,  ġ 957-3
467,ǹ, ϱ õ 1156 κ, ϱ  273-66
468,׸Ʈǹ,  ġ 41-1,  ȭ 98-49
469,Ǹ, Ǳ Ƿ24 70 , Ǳ õ 20-15
470,Ÿ645, Ǳ μȯ 1599, Ǳ Ÿ 1433-60
471,ںǹ, α 17 18, α  327-22
472, ε  Ǹ, α  219 , α ε 430
473,ǰ, α η 381, α ô 72-28
474,½ǰ, õ 50 9 , õ ﵿ 890-15
475,ǹ,  1 5 ,   240-228
476,ζǸ,   309-1,  赿 111-475
477,ζǼ,  Ϸ 1689,  赿 1262
478,ζǸ,  ѱۺ񼮷15 27,  ߰赿 430-37
479,Ʈ,  ߰ 96,  ߰赿 27-79
480,û GS25,   664,   636-12
481,ǹ,  ص 168 ,  ֹ 49-1
482,ȣ,   457,  ֹ 96-43
483,纹ǹ, ۱ 󵵷 281, ۱ 1 774-2
484,ｴ, 빮 ҹ 63, 빮 ̱ٵ 319
485,δκϰ, 빮 Ϸ 42, 빮 ϰµ 418-22
486,츮Ʈ, ϱ ҹ23 20 , ϱ 4 178
487,ڷζ,  53  17,  2 204
488,Ȱ¦Ǵºǹ,   26 ,  3 54
489,ηζ, 걸 ȿâ 112, 걸 빮 8-92
490,ζ, 걸 Ѱ62 16, 걸 Ѱ1 231-25
491,ǸŻŬ,   304 ,   424-7
492,õϺǹ,   150,   224-3
493,ں,  1 27,  ̵ 34-52
494,ǹ,  21 8 ,   462-19
495,ε߰繫,   149,   465-12
496,ŸƮ,  Ϸ14 6,  ϵ 323-5
497,ٻ, ߱ ٻ36 21, ߱ Ŵ絿 291-1
498,ڻθƮ,  97 29 ϸũ9Ʈ,  ϵ 699
499,ζ󺹱ǹ,  Ҽ 625,  ھ絿 616-33
500,, 빮 õȣ 281, 빮 ʸ 495-1
501,ζǸƮ, 빮 õ2 89, 빮 1 418-11
502,طζ, 빮 õ14 39, 빮 ȵ 398-2
503,ڷζ,  19 11 ,  䵿 49-17
504,ȭǰ, ı 11 19, ı ̵ 261-17
505,Ǹ, ı øȷ 132, ı ǵ 184-8
506,ϵǹ, õ  232, õ  992-1
507,, 걸 Ѱ104 72, 걸 ľϵ 103-17
508,帶,  ұ 28 ,   14-20
509,̽ ,   88 򼺽ǿ,  ̵ 51-79
510,, ߱ 빮 2, ߱ 빮4 20-10
511,(win win store), ߶  122, ߶  150-4
512, ζǹ,  4  11,   944-13
513,ȣ(ʫ),  øȷ 552,   319-33
514,ݱݻ(ߧ), ϱ õ123 51, ϱ  411-64
515,̴谡, ϱ  371-1, ϱ  404-31
516,ζǹ,  õ20 37,  â 635-2
517,ζ, 빮 ڷ29 6, 빮 ε 40-4
518,,  źϷ7 26,   453-3
519,ζ,  ﳻ 78,   476-18
520,ںǹ, ϱ õ78 23, ϱ  127-55
521,븸, ϱ 11 30 , ϱ  394-3
522,, ı ݷ13 22, ı ̵ 70-2
523,ζ, ı õ7 6, ı ݵ 19
524,帲߰繫, õ ߾ӺϷ16 3, õ  526
525, , 빮 õ46 56-4 , 빮 ȵ 93-86
526,ζǰ, 빮 ø4 16, 빮  647-8
527,ζǺǹ, ϱ ҹ2 83, ϱ ҹ3 34
528,Ŭι Ǹ, ı з50 19, ı ̵ 175-7
529,¼ö, ı øȷ32 39 , ı ̵ 98-16
530,Ｚںǹ,  74 13,  Ｚ 118
531,̷ζǹ,  22 19 ,   1218-24
532,ζ÷, ϱ 50 11 , ϱ ̾Ƶ 121-39
533,׷ζ,  ״ 37,  ׵ 28-5
534,ϳ,  ״ 222,   800-4
535,Ǻǹ, Ǳ  37-1 , Ǳ õ 899-20
536,ζ, α ߾ӷ24 22-2 , α ε 536-46
537,ζ , 빮 õ 196 , 빮 ȵ 108-6
538,ζ, 빮 õ 422 , 빮 ̹ 98-7
539,纹ǹ, 빮 簡25 17, 빮 ȵ 98-6
540,õϸζǺ, 빮  12 , 빮 ȫ 174-21
541,ǰ, ı ݷ 306, ı  8
542,ζ , ı з27 34, ı  109-5
543,򺹱, õ ߾Ӻ7 30 , õ  717-16
544,ںǹ,  134 11,  ϵ 336-17
545,븲ۺǹ,  ΰ76 47,  ȭ 370-55
546,ҺθƮ, Ǳ 10 37, Ǳ  1659-4
547,ǰ, Ǳ ſ3 21 , Ǳ Ÿ 1598-2
548,帲 ,  60 26 ,  â 565-9
549,Ǹ, ı 8 7 ȭŸ, ı  651-4
550,CU İз, ı з46 43 , ı ĵ 143-6
551,̺, ı ǳ14 9, ı ǳ 222-12
552,ζ ĸõ, ı õ  299, ı õ 286-2
553,ݻ, õ  55, õ ſ 489-3
554,Ƕູ, õ  14, õ ſ 520-1
555,GS25(), α  344, α ε 310
556,ٹ,  Ϸ 135,  2 279-43
557,ǹ, ߶  41 , ߶  183-24
558,ûշζǸ, ϱ õ139 9, ϱ  191-58
559,,   8-1 ,  赿 47-17
560,ζ ú, α 23 37 , α  173-3
561,ѹ Ŀ, ı л13 15 ޼, ı  119-26
562,ڽ,  øȷ 800,  ϻ絿 500
563,ζǺ, ߶  7 Ÿ, ߶  68-2
564,ζŬ,  23 28 ,  赿 389-447
565,õϸζ,  ѱۺ񼮷31 17,  赿 389-75
566,ǽ,  ȭ 174-2,  ȭ 1076-21
567,̺ǹ,  ط 23,  絿 1460
568,ι̷, α з32 17-45 , α ε 810
569,ǳ, Ǳ 屺2 11 , Ǳ õ 946-15
570,ǰ, ʱ  15 , ʱ ʵ 1705
571,ںǹ, Ǳ  3 , Ǳ Ÿ 94-296
572,GOGOζ,  ھ15 34 ,  ھ絿 612-55
573,, 빮 õ 215, 빮  2-42
574,ݱǹ,  Ϸ3 14 ,  ߵ 238
575,캹ǹ, ʱ μȯ339 60, ʱ ʵ 1440-1
576, ̽ũ, ı ʱ 188, ı  881
577,λѹ , ϱ ط 37 , ϱ  10-1
578,ξcafe, ϱ ط23 67, ϱ  254-41
579,ζī,  74 3 ,  絿 129-15
580,÷,  ״41 34 ÷,  ̵ 700
581,ؽƮ ̳뺣̼,  ״63 8 ,  â 272-5
582,ݼշζ,  ״8 35,  ׵ 41-74
583,(O.K)ζ,  õ 486-1,  ֹ 520-14
584,󷣵,  156 8 ,   623-1
585,̽,  15 43 ,  е 635-17
586,뼺, 빮 з 72, 빮 ε 129-414
587, ִ, 빮 ȫ߾ӷ3 9 ѻλ, 빮 ȫ 19-19
588,̸Ʈ24 ʳ׿, ʱ ߾ӷ20 37, ʱ ʵ 1659-21
589,ζǺǹ, ϱ  34-1 , ϱ  409-38
590,11, ı л 32 YH, ı ̵ 217-1
591,ڷζ, ı õ57 5 õ, ı õ 307-14
592, ſ, õ μȯ 516, õ ſ 966-11
593,̸Ʈ24űƮ,  ű28 9,  ű浿 4969
594,ζǿѳ, 걸  77 , 걸 ѳ 29-21
595,, α 10 20 , α ö 43-7
596, ߱ȸ, ߱  70 , ߱ ȸ1 190
597,¸ǹ,  94 55,  ﵿ 636-22
598,Ű,  18 11,   548-18
599,ƳζǺ,  Ｚ 11,   1281
600,CUõȣŸ,  øȷ71 20,  õȣ 457-35
601,1ζǸ, ϱ л52 54, ϱ ̾Ƶ 258-111
602,̸Ʈ24 , ϱ õ140 17, ϱ  176-72
603,̸Ʈ24 , ϱ 9 126-2, ϱ ̾Ƶ 258-606
604,ǹ,  ȭ68 132,  ̵ 636
605,,  ھ 310,  ǵ 31-24
606,ζǸ, α ô 97, α  63-4
607, κǼ, α ߾ӷ28 65, α ε 111-16
608,,   287,  ߰赿 504-1
609,ǸŴ,   334-2,  ߰赿 361
610,ȸ, 빮 Ѻ 58-2, 빮 ε 232-1
611,ǹ, 빮  87, 빮  188-88
612,ǱݺǸ, 빮 𷡳15 40, 빮 µ 119-27
613,α,  õȣ 430,  䵿 235-1
614,ݳͶҵ, ϱ л 57, ϱ Ͽ 76-6
615,ζǺǸ, õ μȯ79 11, õ ſ 549-7
616,ϵ÷, õ ſ 266, õ  1192-4
617,ູ, õ  59, õ ſ 427-12
618,Ǹ55ȣ, 걸 ûķ 286, 걸 ûĵ2 120-35
619,ƽ  ,   208,   495-22
620,25 ̿̽,   132,   141-61
621, Ʈ, α  26, α  17
622,Ϸ âſ츮, α â6 2, α âŵ 592-7
623,(CU)ȭѾƸ, α ȭ 47, α 1 31-3
624,츮Ʈ, α â÷ 109, α ǵ 112-2
625,ݻ, ߱ ϴ 363, ߱ 屳 1
626,Ȳǹ,  106 31,  ﵿ 658-22
627,ζǸ,  55 6,  Ͽ 711-1
628,ݿ, ϱ 4.19 1, ϱ  279-3
629,̸Ʈ24 帲Ÿ, ϱ 96 5-11, ϱ  464-3
630,,  ߾ӷ 161-8,   757
631,,  õȣ129 49,  ߰ 111-31
632,½º,   20,  ڵ 49-9
633,̸Ʈ24 ŵǪ, α η 619-3, α ŵ 435-10
634,ѾƸǸ,  ż 27,   17
635, ,  źϷ 162,  굿 200-19
636,λ, ϱ 7 78, ϱ 2 52
637,̿, ı Ĵ 408, ı ĵ 89-4
638,Ÿں, õ ߾Ӵ10 12, õ  738-7
639, Ǹ, õ ſ 333, õ  978-14
640,Ǹ,  ߷8 17,  3 17-6
641,ѻƮ, 걸  132-2, 걸 굿2 1-729
642, , α 22 17, α ⵿ 56-21
643,(GS)κ, α ε 76, α ε 376
644,մ,  25 20,  ﵿ 642-1
645,̸Ʈ24 ¼,   91,   434-13
646, Ʈ,  80 99,  ϵ 513
647,̸Ʈ(),  Ƹ93 26,  ϵ 76-11
648,ָӴ Ǹ, ϱ õ 1048, ϱ  177-40
649,ϰ߰,  Ϸ176 31,   591-8
650, ż, 빮 õȣ 23, 빮 ż 97-8
651,,  ŷ10 55,   468-34
652,Ÿ(STARVAPE), ʱ  175, ʱ 赿 852-19
653,ĺ, ı з42 37, ı ĵ 106-5
654,÷,  139 12-1,  2 57-4
655,(GS)25 ű漾Ʈ,   308,  ű浿 355-356
656,GS25 ư ǵ1ȣ,   39,  ǵ 31
657,GS25 ,  79 37,  ű浿 4974
658,25 ȭ, α з 60, α ǵ 178-1
659,âúǹ, α âñ 31, α  155
660,ۿŸ  븮, α ȣ 398-1, α 5 332-24
661,ǹ, ߱ ٻ 32, ߱ Ŵ絿 844
662,ַζ, ߱ ٻ38 59, ߱ Ŵ絿 52-107
663,ȸ, ߱ ȣ12 92, ߱ Ŵ絿 338-1
664,̽ž(ٿúǹ), ߶  423, ߶  126-4
665,Ǹ,   324,  ﵿ 832-5
666,帲ζǸ,  98 75,  ϵ 554-38
667,ȣ, ϱ л67 45, ϱ  443-1
668,Ʈ,  ġ2 14,  ȭ 105-377
669,#,  ھ 220,  ǵ 69-21
670,¶κǸ, 빮 ջ33 35, 빮 ⵿ 621-7
671,ϳζ, 빮  197, 빮 ϰµ 286-1
672,ζ,  ڵ1 57,  䵿 232-6
673,,  12 18,  1 13-398
674,ƽδ÷, ı  195, ı ݵ 160
675,GS25, ı ݷ36 69-14, ı  49-10
676,̸Ʈ24 ſ簭, õ  71, õ ſ 491-8
677,ζǸ(ſŸ), õ ΰ 104, õ ſ 148-6
678,츮Ʈ,  ŷ 70,  ű浿 365
679,ũι,   332,   418-18
680,Ʈ , α  114, α  28
681,ȿڵ ζ, α Ϲ 39, α ε 141-2
682,Ʈ ȭ, ߱ ûõ 298, ߱ Ŵ絿 217-1
683,̸Ʈ ȭ, ߶ ȭ 53, ߶ ȭ 286-42
684,ޢ߿,  ߷ 48 ,  5 25-1
685, ,  72 20,  ﵿ 775-4
686,,  õ 222,  õȣ 548-5
687,ǳ,  ߾15 12-1,  䵿 14-1
688,Ǹ,  Ҽ 493,  ھ4 45-1
689,, ߱  427, ߱ Ȳе 732
690,, ϱ ֻ64 43, ϱ ̾Ƶ 460-55
691,.COMް,   137-1 ,   89-84
692,̳ǰ(ζǸ),  ݳȭ 91-12,  ȭ 484-23
693,īǸŴ, ı Ĵ28 27 ļֶ, ı  80
694,ںǸ,   140,  굿3 209
695,޵, ı õ6 3, ı ݵ 68
696, ,   36 ,   1194-7
697,̺,  Ͽ5 19 ,  Ͽ 683-18
698,λ,  Ƹ66 29,   509
699,ǹ,  õȣ170 47,   383-20
700,NICE,  6  40,   454-8
701,ູ,  ǳ 115,   292-30
702,ѹи,  õ 251,  õȣ 393-7
703,õϸ ̾, ϱ ֻ 283 , ϱ ̾Ƶ 707-25
704,긶Ʈ, ϱ õ 1078-1 , ϱ  182-34
705,õ, ϱ 7 23, ϱ ߵ 54-248
706,ũͺ,  ΰ76 12,  ȭ 354-88
707,ġǹ,  ΰ 208 ,  ȭ 368-32
708,ȣ̺ǹ, Ǳ 4 9 , Ǳ õ 1638-6
709,õϸ, Ǳ ŷ2 11 , Ǳ õ 698-32
710,, Ǳ  2-1 , Ǳ Ÿ 808-221
711,Ѹ, Ǳ Ƿ 211 õ߾ӽ, Ǳ õ 32-2
712,1ǹ, Ǳ μȯ 1545 , Ǳ Ÿ 465-26
713,󵵺,  븶 47,  ߰ 124-65
714,ζǸƮ, α ô 156, α ô2 265-7
715,ϳ, α 20 66, α  407-15
716,, α η53 15, α ε 1258
717,, α  577-11 , α ε 1123-3
718,, α ε26 65, α ε 730-4
719,, α  85, α ε 145-1
720,ѹ溹ǹ, õ 3 10 , õ 굿 297-12
721,Ǹ,  Ϸ 1032,   567-5
722,2020,   733,   620-19
723,ǹ ,   91,  2 661-26
724,õϸ纹ǹ, 빮  105-1, 빮 ʸ 99-22
725,ǹ, 빮 簡2 134, 빮 ʸ 490-98
726,뺹ǹ, 빮 ʸ 9, 빮  622-1
727,, 빮 õ 55, 빮 ʸ 12-18
728,õϸ, ۱ ៤33 11 , ۱ 絿 79-44
729,ǳ, ۱ 󵵷 178 ־Ȱ, ۱ 󵵵 368-14
730,޵,  112-5,   255-23
731,ڳ,   86 α,   486-1
732,ü, ʱ  48 , ʱ 絿 373
733,,   230-1,  ȫ͵ 123
734,ǹ,  11 17,   66-31
735,ǹ,  7 42,  2 289-205
736,õϸ ̸Ʈ, ϱ ҹ2 13, ϱ ҹ2 75
737,, ϱ ̷27 48, ϱ  66-289
738,Proto, ϱ Ϸ19 7 , ϱ ϵ 68-1
739,̷, ı ݷ 534, ı ſ 32-2
740,ǹ, ı ̷ 112, ı  73-4
741,帲,   117,  4 100
742,,  Ǵ39 3,  ű浿 696
743,帲ũ,  Ǵ 45,  ű浿 4759
744,帲Ʈ,  ű54 1,  ű浿 192-142
745,ں,  ŷ19 8-1,   618-210
746,,   356,   144-175
747,ٸƺ,  ǳ 92,  ű浿 4035-2
748,ںǹ, 걸 ȿâ 262, 걸 赿 260-20
749,̷ζǺǹ,  Ϸ 282,  ϵ 763
750,ǹ,   10,   180
751,մںǹ,   7,  Ż1 17-10
752,, α â5 6, α âŵ 582-5
753,̺ǹ, α  225-1, α 5 58
754,ζǿ, ߱ 18 10, ߱ 2 52-1
755,ǹ, ߱ ٻ44 15, ߱ Ŵ絿 110-10
756,õϸ纹ǹ, ߱  322 ̽ǰ, ߱ 2 323-2
757, â,  11 73,  â 3-3
758,浿,  Ȳ49 16,  浿 249-1
759,(121ȣ), α з 110-1, α  1-24
760,,   194 ,  ﵿ 2-10
761,ϳ(Ǹ),  ǳ 42,  ǵ 35-5
762,Ǹ,  η 862 ,   489-18
763,ǹȭ,  29 7-2 ,   455-20
764,͹𼼰ַ,  ַ 647 ,   211-20
765,ƼƮ,  112 10,  Ｚ 107-5
766,,  49 8 YK,  Ż絿 652-3
767,,   166 ,  ﵿ 790
768,븶Ʈ,  Ͽ 45 ƺ,  Ͽ 684-5
769,̽ ,  ǳ54 55,  3 427-39
770,ũ,  ϻ 18,  ϻ絿 493-1
771,OKƮ,  Ȳ27 14,  õȣ 166-82
772,ȸƮ, ϱ õ 1024, ϱ  463-33
773,ǻ繫, ϱ  5, ϱ  455-80
774,9TO5,   61,  ׵ 52-27
775,Ҹâ,   306,  ߻굿 677-10
776,Ʈ,  ȭ 63,  ȭ 606-6
777,Ϸ찭ȭ,  ȭ42 35 ť,  ȭ 29-52
778,,  ޷25 57,  ȭ 341-1
779,츮ǰ,   589,  嵿 244-24
780,̴Ͻ, õ 44 61 ̺, õ ﵿ 793-1
781,, õ 74 6 , õ 굿 1020-3
782,ݵ, õ  136 , õ ﵿ 803-3
783,縶Ʈ,  5 12,  赿 1305
784,ڳ,  718 ߰赿ǿƮ,  ߰赿 586
785,Ϻ,  155 20,  1 616-31
786,gs25õ,   349,  â 373
787,ȭȰ, 빮 õȣ83 52, 빮 ȵ 430-9
788,̽ž(), 빮  129, 빮  295-143
789, ߾ӸƮ,   108 ,  ﵿ 202-13
790,̴Ͻ,  ŷ 205,  굿 595
791,Ͻǰ, 빮  143, 빮 2 350-6
792,ȭ̺, ʱ  18 , ʱ 絿 333
793,̷,  Ϸ 83,  2 275-6
794,ǹ,  Ϸ8 30,  2 300-75
795,ڶ,  ѷ15 23,  2 561-2
796,õ,  к16 22-2,  絿 298-25
797,ູ, ϱ ҹ 49, ϱ ҹ4 115
798,, ı з48 12, ı ̵ 112-8
799,û, ı  318, ı ݵ 120-7
800,Ϻǹ, ı з7 6 , ı ǵ 195
801,̴Ͻ, õ Ÿ 119, õ  406-316
802,󰡸Ʈ, õ ߾ӷ 264, õ  1031-8
803,Ǹ,   46,  굿6 331-6
804,,   206,  븲 751-5
805,PLUSONE365,   106-1,  1 37
806,ѰƮ(۸)," 걸 ܷ 3 ǿ, ġ", 걸  274-1
807,Ȳݾ,   333 ,  ұ 90-3
808,̽ Ͽ,   9 Ÿ,  ̵ 85-12
809,̷, α Ϸ 262, α ǵ 67-2
810,ڼַ(), α ǥ 112-1, α  175
811,ν, α ȭ10 14, α ͵ 18-3
812,츮ǰ, α  393, α ε 192
813,̽ â÷, α â÷ 137 , α  251
814,ϸƮ, α  19, α 1 24
815,, α ûõ 261, α 5 410
816,ǰ, ߱  199-2, ߱ 4 156-1
817,±, ϱ ҹ 248 ξƮ, ϱ  1276
818,ڶǹ, ߶ 簡 359, ߶  607-6
819,Ʈ, ߶ 簡 387, ߶  604-5
820,ž, ı з7 39 , ı ǵ 183-1
821,ǹ,λ ϱ õ 287,λ ϱ 2 282-5
822,25ý,λ   964,λ   1339-18
823,ںǹ,λ   961-1,λ   1338-5
824,ǹ,λ ؿ뱸 Ʒݼ七 54-2 ð,λ ؿ뱸 ݼ۵ 250-892
825,ǹ,λ   163 ,λ   638-19
826,ǹ,λ  ݻ 75,λ  ݻ絿 132-7
827,ۺǳ,λ λ Ϸ142 31 ,λ λ õ 845-95
828,ǹ,λ ߱  47,λ ߱ 5 64-3
829, ģ,λ  ʷ 46-2,λ  ʷ 811-74
830,ζǱ,λ ϱ õ2 23-3,λ ϱ õ 403-24
831,Ʈ(),λ  110 121 ְƮ1,λ   552
832,1 帲 ,λ ϱ ݰ 460 ,λ ϱ ݰ 1114-5
833,õϸ纹ǹ(ִ»),λ  38 25,λ   563-16
834,ī,λ  ڼ133 35,λ  ϵ 830-195
835,õϸʷ,λ  ߾Ӵ221 3,λ  ʷ 377-7
836,ǹ,λ   527,λ   647-1
837,Ŭι,λ   738,λ  õ 345-4
838,ǹ,λ ϱ 帲 25,λ ϱ 帲 328-9
839,´°,λ   194,λ  伺3 1-11
840,õ,λ   207-1,λ  ιε2 10-8
841,ؿõǹ,λ ؿ뱸 ؿغ 323,λ ؿ뱸 ߵ 1373-32
842,ǹ,λ  õ 99,λ  õ1 154-26
843,մ,λ  113 59-4,λ  3 140-33
844,ǹ,λ λ  115 ,λ λ ξϵ 343-81
845,ڷζ 1 123 氩 ǹ,λ  ߾Ӵ1945 10,λ   163-18
846,ǹ,λ   130,λ  2 302-643
847,´°,λ  49 18-1,λ  ϵ 833-5
848,ǳ,λ λ  70,λ λ  219-10
849,ǹ,λ λ  273,λ λ ߵ 595-1
850,̿,λ λ  294,λ λ  170-1
851,ۺǳ,λ ϱ ϽŹ 370 ,λ ϱ ϴܵ 870-268
852,ȭ罴ѽȭ,λ  1210 53,λ   516-1
853,Ͻ,λ ϱ 2 31,λ ϱ 2 353
854,ںǹ,λ  뵿 102 ,λ  嵿 585-27
855,꽴,λ ϱ  166,λ ϱ õ1 393-5
856,̸Ʈ24 Ͽ,λ ϱ 帲 96 ϺƼƮ,λ ϱ 帲 340-8
857,ɰ,λ ϱ 帲 105,λ ϱ 帲 193-9
858,ϻȸ,λ ϱ  256-1,λ ϱ  820-8
859,ŸӴ,λ ϱ ٴ 247,λ ϱ 帲 241-40
860,ζ,λ ϱ  1381,λ ϱ ϴܵ 524-53
861,GS25 ,λ   275 ,λ  1 2342-5
862, ocho,λ   524,λ  2 373-15
863,Ʈ,λ 屺 ߾ӷ 48 ,λ 屺  и 748-5
864,GS25ؿ,λ ؿ뱸 ؿ 1084-1,λ ؿ뱸  139-12
865,Ǹ,λ ؿ뱸 Ʒݼ七 11,λ ؿ뱸 ݼ1 257-247
866,¾罴 ocho,λ ؿ뱸 Źݼ七 171,λ ؿ뱸 ݼ۵ 888
867,ġ,λ  غ 122,λ  õ 148-5
868,ζǺǹ,λ ؿ뱸 ݷ 249,λ ؿ뱸 ݿ3 1609-11
869,ǰ,λ  õ 33,λ  õ 450-8
870,Ƹ,λ   140,λ  2 497-76
871,ſõȸ,λ  Ĵ108 10,λ  õ3 1444-7
872,Ÿ. 񺹱,λ   144 ,λ  굿 1947-5
873,̴Ͻ,λ   234-1,λ  9 399-12
874,ȭǰ,λ  Ĵ 248,λ  ȵ 281
875,Ǹ,λ   335,λ  1 313-21
876,,λ  16 52,λ   104-2
877,ǸƮ,λ λ  503,λ λ  356-24
878,ȿ罴,λ  λз 48,λ  3 417-39
879,ž,λ  ߾Ӵ 2002,λ  굿 225-13
880,罴,λ   5,λ  ΰ4 338-5
881,,λ  ݰ335 106 ,λ   74-12
882,帲Ʈ,λ   173 õ帲Ÿ,λ  õ 808
883,žѹ̸,λ   55 ũǼ,λ   771-11
884,̴Ͻ,λ λ ߴ 643,λ λ ߵ 50-43
885,뱸,λ λ ߾Ӵ783 8,λ λ  55-2

[This file was truncated]
